,created_at,text,compound_score
0,2021-05-27 23:06:31+00:00,"RT @FranconianExile: The Alraune (mandrake) grows when the seed of an innocent man who was hanged for thievery spills on the ground.

Whenâ€¦",-0.1531
1,2021-05-27 23:06:31+00:00,jaka piekna nmg https://t.co/98FR9ARA2v,0.0
2,2021-05-27 23:06:31+00:00,RT @MooseSimba: moose and simba at their dog sitter https://t.co/AwpAVsHbOt,0.0
3,2021-05-27 23:06:32+00:00,RT @HeavenSentMel: Was literally looking for my cat in all his sleeping areas and found him in his new backpack knocked out https://t.co/Y8â€¦,0.0
4,2021-05-27 23:06:32+00:00,#Fudge in plain sight of her black cat friend RIP Fudge xx https://t.co/TgReocF9q1,0.4939
5,2021-05-27 23:06:32+00:00,ğŸ˜¢ https://t.co/8mt1NU72cZ,-0.4767
6,2021-05-27 23:06:32+00:00,OH WOW OH WOW https://t.co/H50yz83Me6,0.8769
7,2021-05-27 23:06:33+00:00,"RT @filosofofinha: CACHORRINHA ABANDONADA  EM NILOPOLIS NA ESTAÃ‡ÃƒO DE TREM!!! 
ENCONTREI ESSA CACHORRINHA HJ, ELA FOI ABANDONADA EM UM BAR,â€¦",0.0
8,2021-05-27 23:06:33+00:00,RT @jaboukie: responded to a work message while i was playing with my dog and the voice text kept going https://t.co/lt1nwD6sHa,0.2023
9,2021-05-27 23:06:33+00:00,"I just remembered I wanted to do a tiktok with Nick because the sound was about having anxiety, a dog, and a dog w anxiety and yâ€™all know my baby boy was anxious all the time, it would have been perfect and so cute and I miss my king boy https://t.co/dq4hswJGu0",0.4576
10,2021-05-27 23:06:33+00:00,Me da un derrame en ese mismo instante. https://t.co/WmwMqIzRqe,0.0
11,2021-05-27 23:06:33+00:00,RT @dog_rates: This is Kiko. Sheâ€™s pawditioning for an all-dog remake of The Matrix. Not sure how anyone is going to top this. 14/10 https:â€¦,-0.0418
12,2021-05-27 23:06:33+00:00,SHE LOOKS LIKE BABY JESUS https://t.co/pR2PHRSvc5,0.4995
13,2021-05-27 23:06:34+00:00,"ã©ã†ã‚‚ã€å‹Ÿé›†ã—ã¦ã‚‹æœ¬äººãŒãã‚‚ãã‚‚æµè¡Œã‚Šã«ä¹—ã‚‰ãªã„ç³»ãªã®ã§ã™

#ãŠã¯ã‚ˆã†Vtuber 
#Vtuber 
ã¯ã‚„ã‚Šã«æ„åœ°ã§ã‚‚ä¹—ã‚‰ãªã„Vã‚’çµ¶è³›å‹Ÿé›†ä¸­ https://t.co/T0p68NPoHN",0.0
14,2021-05-27 23:06:34+00:00,RT @AsstonKusheR: dog iâ€™m tryna grab my laundry but proooooooceed i love atlanta https://t.co/58pBugG2e6,0.7783
15,2021-05-27 23:06:34+00:00,RT @Ali_Chiasson: Warning you nowâ€”Iâ€™m a new cat mom of a hairless cat and your timelines arenâ€™t ready for THESE WRINKLES. https://t.co/gpkgâ€¦,0.0258
16,2021-05-27 23:06:34+00:00,RT @CAT_Isabelica: Visita integra e intercambio con los cooperantes por parte del Jefe de Grupo Nacional de los CAT. Temas como extremar laâ€¦,0.0
17,2021-05-27 23:06:34+00:00,RT @Piemations: âš ï¸ KITTY CAT SPOTTED âš ï¸ : : ENGAGING https://t.co/cZuv7122jo,0.4824
18,2021-05-27 23:06:35+00:00,RT @SpotTheLoon2010: I've decided to subtitle pictures of my cat so people know what he's thinking.  ğŸ¤£ğŸ¤£ğŸ¤£ https://t.co/1vElT2RUrv,0.8625
19,2021-05-27 23:06:36+00:00,@VeraciousReater @coaxialcreature @savtah8 @metalgarysolid2 @Eve_Barlow also wtf who made that definition dog ğŸ˜‚ https://t.co/wtAJHLAXNf,-0.2263
20,2021-05-27 23:06:37+00:00,"RT @team_greenacres: Please RT @fundacionjadoul Martina, 11.5, at the shelter #spain since 2015 

Active home (likes playing/balls/running)â€¦",0.7783
21,2021-05-27 23:06:37+00:00,"RT @air_tan: ã‚¿ãƒãƒˆã‚¤ã‚ºãŒã€Œã‚¨ãƒ³ã‚¸ã‚§ãƒªãƒƒã‚¯ãƒ‰ãƒ¼ãƒ« æ·»ã„å¯Ver.ã€ã¨å‘½åã—ãŸã«ã‚‚ã‹ã‹ã‚ã‚‰ãšã€ãƒ­ã‚¯ã«æ·»ã„å¯ã‚‚ã›ãšå‡ºæ­©ãå›ã‚‹ã‚¸ãƒˆç›®ã¡ã‚ƒã‚“ã€‚ã¡ãªã¿ã«é¡”ã¯ãˆã‚â˜†ã¾ã™ãã€‚
https://t.co/d4sc5oX6MG https://t.co/MphWdjYWPT",0.0
22,2021-05-27 23:06:38+00:00,"RT @TaraBelieu6: Cat Philosophy - If you can't get your way, lay across the keyboard till you do.

ÙƒÙ€Ø¤Ø¯ Ø®Ù“Ù€ÙÙ“ØµÙ°Ù“Ù… ÙƒØ§Ø±ÙÙˆØ± Ø³ØªØ§ÙŠÙ„ÙŠ ÙÙˆØºØ§ÙƒÙ„ÙˆØ³ÙŠØªâ€¦",0.0
23,2021-05-27 23:06:38+00:00,RT @WARHURYEAH: that's a great cat right there @Bodegacats_ https://t.co/cPNJgoHvVt,0.6249
24,2021-05-27 23:06:38+00:00,RT @lo_lifer: I sent my mom this photo of my yard not realizing the tiny Adirondack chair I got for my cat was in the frame and she thoughtâ€¦,0.0
25,2021-05-27 23:06:38+00:00,"RT @JosepGCambray: En el meu 1er acte com #conseller de la Generalitat republicana, he volgut visitar l' @escola_llull, inaugurada a la Repâ€¦",0.0
26,2021-05-27 23:06:38+00:00,"RT @BunnyDoceMel: Mae. the cat with the bat? idk
#MonthOfMae https://t.co/ycQoxoR5oB",-0.1027
27,2021-05-27 23:06:38+00:00,"@TheCatMalice @Robin2020Rockin @GeneralCattis @LittleMaineCoon @Cleo_sMommy @JusticeToAll @MaineCoonCatsOH @yongmaylingjen1 @CoonGriff @Ophur_Cat @LordGraydon @toby_rules1 @lucymusiccat @JethroKitty @JoyOfCats @Joeybird @fluffybasil @SkittlesFriends @KittyHavenNY Yup, there is a leather sofa under these covers.hehe https://t.co/LyXaYp7wkG",0.0
28,2021-05-27 23:06:39+00:00,RT @iconicphotocard: 287. SEULGI (of Red Velvet) My Artbook Of Sleep Cat Photocard https://t.co/iLDDMrmEHj,0.0
29,2021-05-27 23:06:39+00:00,"RT @Kristen29910400: ÙƒÙ€Ø¤Ø¯ Ø®Ù“Ù€ÙÙ“ØµÙ°Ù“Ù… Ù…Ø°Ø±ÙƒÙŠØ± Ù†ÙˆÙ† Ø¯ÙŠÙ„ÙŠ Ø²Ù‡ÙˆØ± Ø§Ù„Ø±ÙŠÙ ÙƒØ¤Ø¨Ø¤Ù†

Redneck Would Not Say: - You can't feed that to the dog.

34592396278â€¦",0.0
30,2021-05-27 23:06:39+00:00,RT @piss_n_moan: curious cat was a hell spawn for anons but this has to go down as my top 3 favourite responses lmao https://t.co/z5THRJ48p2,0.7506
31,2021-05-27 23:06:39+00:00,RT @musicnewsfactpl: Doja Cat podczas #iHeartAwards https://t.co/6MSwe3yC4c,0.0
32,2021-05-27 23:06:40+00:00,RT @jaboukie: responded to a work message while i was playing with my dog and the voice text kept going https://t.co/lt1nwD6sHa,0.2023
33,2021-05-27 23:06:40+00:00,RT @DogsofTooting: This beautiful cat is missing from #Newark #Notts #Ng24 . Please if in area look in all your shed and out houses . Spreaâ€¦,0.6932
34,2021-05-27 23:06:40+00:00,"RT @PulpLibrarian: Action Man Esape from Colditz set, 1975.

Doesn't contain the castle so you can male him escape from anything really: thâ€¦",0.1779
35,2021-05-27 23:06:40+00:00,RT @RiverSea18: @yes_we_cat @DerhakanL @LollllllaJR @Mooke53950109 @ShiVEGAN @garybkatz @Buckeye_ricky @m4bj4v1d @WeinsteinDr @MountTzion @â€¦,0.0
36,2021-05-27 23:06:40+00:00,Go Walter! Not all heroes wear capes. https://t.co/YRpewLYdqy,-0.4577
37,2021-05-27 23:06:41+00:00,"RT @artisteakins: The Artist's Wife and His Setter Dog, 1889 #thomaseakins #eakins https://t.co/IPp45GiBoZ",0.0
38,2021-05-27 23:06:41+00:00,RT @RubyPerry11: Dog Lover gift  https://t.co/zjJIY2ZvFa via @EtsySocial #homedecor #retro #dogs #dognightlight https://t.co/WFfLgFj00a,0.7717
39,2021-05-27 23:06:41+00:00,Finish the cat https://t.co/T1QwslfyiW,0.0
40,2021-05-27 23:06:41+00:00,cool cat got a cool pointy stick https://t.co/2tyYXvyJX1,0.5574
41,2021-05-27 23:06:41+00:00,RT @iconicphotocard: 287. SEULGI (of Red Velvet) My Artbook Of Sleep Cat Photocard https://t.co/iLDDMrmEHj,0.0
42,2021-05-27 23:06:42+00:00,"RT @team_greenacres: Please RT Henry with #Liverpool Dog Rescue since January 2015. Needs dog savvy, pet/kid free home, not good with otherâ€¦",0.7575
43,2021-05-27 23:06:42+00:00,RT @AsstonKusheR: dog iâ€™m tryna grab my laundry but proooooooceed i love atlanta https://t.co/58pBugG2e6,0.7783
44,2021-05-27 23:06:42+00:00,RT @IittIejake: cat being a cat a thread: https://t.co/sZb0POCOfl,0.0
45,2021-05-27 23:06:43+00:00,"RT @jonbir90: This is the hostel breakfast room on the second day of a stag when the groom's dad says ""here he is! Look what the cat draggeâ€¦",0.0
46,2021-05-27 23:06:43+00:00,RT @iconicphotocard: 287. SEULGI (of Red Velvet) My Artbook Of Sleep Cat Photocard https://t.co/iLDDMrmEHj,0.0
47,2021-05-27 23:06:44+00:00,RT @jaboukie: responded to a work message while i was playing with my dog and the voice text kept going https://t.co/lt1nwD6sHa,0.2023
48,2021-05-27 23:06:44+00:00,RT @lo_lifer: I sent my mom this photo of my yard not realizing the tiny Adirondack chair I got for my cat was in the frame and she thoughtâ€¦,0.0
49,2021-05-27 23:06:44+00:00,"https://t.co/M6M8T9hRXL, Wrongly labeled Malinois. German Shepherd Dog. Pet ID A1121207, male, 2 yrs. Very young dog. Very vulnerable. Needs exit plan! Dallas Animal Services
1818 N. Westmoreland RD. 
Dallas, TX 75212
Phone (214) 670-8246 https://t.co/b7CLqTMMwG",0.3252
50,2021-05-27 23:06:44+00:00,RT @jaboukie: responded to a work message while i was playing with my dog and the voice text kept going https://t.co/lt1nwD6sHa,0.2023
51,2021-05-27 23:06:45+00:00,"RT @RapUp: The #BETAwards nominees for Best Female Hip Hop Artist...

ğŸ† Cardi B
ğŸ† Coi Leray
ğŸ† Doja Cat
ğŸ† Megan Thee Stallion
ğŸ† Latto
ğŸ† Saweâ€¦",0.6369
52,2021-05-27 23:06:45+00:00,RT @AsstonKusheR: dog iâ€™m tryna grab my laundry but proooooooceed i love atlanta https://t.co/58pBugG2e6,0.7783
53,2021-05-27 23:06:45+00:00,RT @musicnewsfactpl: Doja Cat podczas #iHeartAwards https://t.co/6MSwe3yC4c,0.0
54,2021-05-27 23:06:45+00:00,"RT @TaraBelieu6: Cat Philosophy - If you can't get your way, lay across the keyboard till you do.

ÙƒÙ€Ø¤Ø¯ Ø®Ù“Ù€ÙÙ“ØµÙ°Ù“Ù… ÙƒØ§Ø±ÙÙˆØ± Ø³ØªØ§ÙŠÙ„ÙŠ ÙÙˆØºØ§ÙƒÙ„ÙˆØ³ÙŠØªâ€¦",0.0
55,2021-05-27 23:06:45+00:00,RT @mimsy: the cat ears stay on during esex https://t.co/6Csc0PjIEr,0.0
56,2021-05-27 23:06:46+00:00,LMAO https://t.co/4HY4MN6Pdq,0.6841
57,2021-05-27 23:06:46+00:00,"RT @WaykaPeru: Sacerdotes catÃ³licos hacen campaÃ±a a favor de @KeikoFujimori. A travÃ©s de misas y pronunciamientos, diversos sacerdotes de lâ€¦",0.4019
58,2021-05-27 23:06:47+00:00,RT @musicnewsfactpl: Doja Cat podczas #iHeartAwards https://t.co/6MSwe3yC4c,0.0
59,2021-05-27 23:06:47+00:00,RT @DojaCatAccess: Doja Cat arriving at the iHeart Radio Awards red carpet. â¤ï¸ https://t.co/DTjCIybq4V,0.4588
60,2021-05-27 23:06:47+00:00,@hope8610 @cat_joba @LoriBro57251724 We won't have to wait that long.... https://t.co/Nuzm7teEWL,0.0
61,2021-05-27 23:06:47+00:00,"RT @DerbysDogPolice: Kaiser was put to sleep on 12th May 2021 following a very sudden illness, he was nearly 9 years old. Kaiser was braveâ€¦",-0.4549
62,2021-05-27 23:06:48+00:00,RT @jujudm114: Finish the cat https://t.co/T1QwslfyiW,0.0
63,2021-05-27 23:06:49+00:00,"RT @duke_corgi: Dog kisses!

Amazing pic by @mystikfoxdraws featuring @OraDog and I &lt;3 https://t.co/N75FdAKsZV",0.8122
64,2021-05-27 23:06:49+00:00,My Sadie doing her witches cat pose https://t.co/HiYdvRpTS6,0.0
65,2021-05-27 23:06:49+00:00,RT @jaboukie: responded to a work message while i was playing with my dog and the voice text kept going https://t.co/lt1nwD6sHa,0.2023
66,2021-05-27 23:06:49+00:00,RT @jaboukie: responded to a work message while i was playing with my dog and the voice text kept going https://t.co/lt1nwD6sHa,0.2023
67,2021-05-27 23:06:49+00:00,do you like my dog https://t.co/wNv0L4Ntj5,0.3612
68,2021-05-27 23:06:50+00:00,RT @lo_lifer: I sent my mom this photo of my yard not realizing the tiny Adirondack chair I got for my cat was in the frame and she thoughtâ€¦,0.0
69,2021-05-27 23:06:50+00:00,5ì›” ë§ˆì§€ë§‰ì£¼ ëª©ìš”ì¼ ì˜¤í›„ 6ì‹œ 30ë¶„ 9ìœ„ í•œí™”ì´ê¸€ìŠ¤ VS 3ìœ„ ë‘ì‚°ë² ì–´ìŠ¤ê°€ ë§ë¶™ì€ ì ì‹¤ì•¼êµ¬ì¥ì„ ì°¾ì•˜ì–´ìš”. í•œí™”ì´ê¸€ìŠ¤ 3:0 ìŠ¹. ì¶©ì²­ë„ë¥¼ ë°°ì‹  ë•Œë¦° ì´ê²ƒë“¤ì´ ì¶©ì²­ë„ ì•Œê¸°ë¥¼ Dog X ìœ¼ë¡œ ì•Œê³  G-Ral ì´ì—¬~! ë‹ˆë“¤ì€ ë‹¤ Dì¡Œì–´~! ã…‹ã…‹ã…‹ ë§ˆì•½ì•¼êµ¬~! ë§ˆë¦¬í•œí™”~! ê°€~ì~! í•œí™”ì´ê¸€ìŠ¤ í†µí•© ìš°ìŠ¹ì„ ìœ„í•˜ì—¬~~~! https://t.co/XXVQEmurIa,0.0
70,2021-05-27 23:06:51+00:00,I donâ€™t post George often because heâ€™s not as photogenic as his dog brother but he was laying on me and purring very loudly. Heâ€™s evil but HE LOVES ME. https://t.co/u0uU2qSunF,-0.089
71,2021-05-27 23:06:52+00:00,RT @JasBun07: Eyy I made something again! @Bundle0Sticks 's cat character is super cute so I drew him hehe &gt;:3 https://t.co/qeTq343OU9,0.8016
72,2021-05-27 23:06:52+00:00,RT @jaboukie: responded to a work message while i was playing with my dog and the voice text kept going https://t.co/lt1nwD6sHa,0.2023
73,2021-05-27 23:06:52+00:00,"New artwork for sale! - ""Dog, Winter o6"" - https://t.co/2k8SOZ2zLi @shoppixels https://t.co/gVqmstwX1V",0.0
74,2021-05-27 23:06:52+00:00,RT @CAT_Isabelica: Visita integra e intercambio con los cooperantes por parte del Jefe de Grupo Nacional de los CAT. Temas como extremar laâ€¦,0.0
75,2021-05-27 23:06:53+00:00,"RT @team_greenacres: Please RT Dave at #Liverpool Dog Rescue since 2013. Balls/water are his thing. Pet/kid free home, not good with otherâ€¦",0.7575
76,2021-05-27 23:06:53+00:00,RT @lo_lifer: I sent my mom this photo of my yard not realizing the tiny Adirondack chair I got for my cat was in the frame and she thoughtâ€¦,0.0
77,2021-05-27 23:06:53+00:00,RT @jaboukie: responded to a work message while i was playing with my dog and the voice text kept going https://t.co/lt1nwD6sHa,0.2023
78,2021-05-27 23:06:54+00:00,RT @HeavenSentMel: Was literally looking for my cat in all his sleeping areas and found him in his new backpack knocked out https://t.co/Y8â€¦,0.0
79,2021-05-27 23:06:54+00:00,"Guess who got stickers?! 
Huge thank you to @cnspeckhardt for letting me use his art. Check him out. 

Cat demonstrates watchful eyes. https://t.co/eLuPxGDwKm",0.6239
80,2021-05-27 23:06:55+00:00,RT @jaboukie: responded to a work message while i was playing with my dog and the voice text kept going https://t.co/lt1nwD6sHa,0.2023
81,2021-05-27 23:06:55+00:00,"RT @book_tribe: â€¢ Preorder now &amp; read it Saturday. Join Brigid &amp; Jett, her Newfoundland #dog, as they try to help a friend find the killerâ€¦",0.7964
82,2021-05-27 23:06:55+00:00,The cat is not out of the bag https://t.co/CTI3Gc6Brq,0.0
83,2021-05-27 23:06:56+00:00,RT @FLP_books: Our neighbor cat have invaded our office and is hanging out on the bookshelves with the stocks of books ğŸ˜¸ (we see this as aâ€¦,0.6705
84,2021-05-27 23:06:56+00:00,RT @hisser: Dog days #ãƒ•ãƒ³ãƒœãƒ«ãƒˆãƒšãƒ³ã‚®ãƒ³ã¡ã‚ƒã‚“ã­ã‚‹ #ã‘ã·ãµã‚‹ã‚‹ https://t.co/deBYS9YfWG,0.0
85,2021-05-27 23:06:56+00:00,RT @iconicphotocard: 287. SEULGI (of Red Velvet) My Artbook Of Sleep Cat Photocard https://t.co/iLDDMrmEHj,0.0
86,2021-05-27 23:06:57+00:00,Cat in bathroom https://t.co/aBShlE2lTI,0.0
87,2021-05-27 23:06:57+00:00,RT @heartzcore: cat paws cat paws cat paws https://t.co/MFCJSigWIj,0.0
88,2021-05-27 23:06:57+00:00,"RT @HumanePinellas: OUR HOURS ARE CHANGING STARTING WEDNESDAY, JUNE 2nd! With our dog adoptions returning to our main campus on June 2nd, oâ€¦",0.0
89,2021-05-27 23:06:58+00:00,"RT @uni666666: æ¯æœä»•äº‹è¡ŒããŸã‚ã«ã“ã®æ‰‹ã‚’æŒ¯ã‚Šã»ã©ã„ã¦èµ·ããªãã‚ƒã„ã‘ãªã„ã®ã€ä¸€ç¨®ã®æ‹·å•ã ã¨æ€ã†ã€‚
#cat #ã­ã“ #çŒ« #é»’çŒ« #blackcat #çŒ«å¥½ãã•ã‚“ã¨ç¹‹ãŒã‚ŠãŸã„ #çŒ«ã®ã„ã‚‹æš®ã‚‰ã— https://t.co/sS27imQApI",0.0
90,2021-05-27 23:06:58+00:00,"RT @Dryadex2: Comms for @vahlaurix

here is u Order uwu //

a Triple Snacks, with a Double Hot Dog &amp; one Bubble Tea =w= https://t.co/o2vhJfâ€¦",0.0
91,2021-05-27 23:06:58+00:00,Never leaves my side. #dogs #dogsofinstagram #dog #dogstagram #puppy #instadog #doglover #dogoftheday #doglovers #pets #doglife #love #puppylove #pet #puppies #cute #dogsofinsta #puppiesofinstagram #instagram #of #doggo #petsofinstagram #ilovemydog #dogslife #cats #animals https://t.co/lMmSy3skLI,0.802
92,2021-05-27 23:06:59+00:00,she never misses https://t.co/FqWe3nTLwR,0.1695
93,2021-05-27 23:07:00+00:00,RT @EnzoKenzo10: Beautiful dog family https://t.co/DgfIr0nAbb,0.5994
94,2021-05-27 23:07:00+00:00,DAMNğŸ˜ğŸ”¥ https://t.co/ap7UbwhlU5,-0.4278
95,2021-05-27 23:07:00+00:00,"RT @SoulShelter2: Serrei post
Please #Help us to end her suffer, #cat faced too much pain,car hit spine breaking, abortion, amputation, skiâ€¦",0.128
96,2021-05-27 23:07:00+00:00,"I donâ€™t know what it says but the cat drawings are supreme.

If you read Japanese, support this artist! https://t.co/VGcC80qLI4",0.8671
97,2021-05-27 23:07:01+00:00,RT @_phoenix22: My cat Taro and his bias in #SHINee #TAEMIN hyung https://t.co/RxYEGUSZhV,-0.1027
98,2021-05-27 23:07:01+00:00,RT @KittBetelgeuse: Stray Cat https://t.co/ZXdyoGzaW5,0.0
99,2021-05-27 23:07:02+00:00,RT @flanpu: A cat... #åŸç¥ https://t.co/QjnAQkpoXj,0.0
100,2021-05-27 23:07:02+00:00,RT @iconicphotocard: 287. SEULGI (of Red Velvet) My Artbook Of Sleep Cat Photocard https://t.co/iLDDMrmEHj,0.0
101,2021-05-27 23:07:02+00:00,RT @DojaCatAccess: Doja Cat arriving at the iHeart Radio Awards red carpet. â¤ï¸ https://t.co/DTjCIybq4V,0.4588
102,2021-05-27 23:07:03+00:00,RT @_kness: Which cat are you today ? https://t.co/ofyZyVTN1h,0.0
103,2021-05-27 23:07:03+00:00,RT @doolsetbangtan: cat: again? https://t.co/XwIhAPlSOm,0.0
104,2021-05-27 23:07:04+00:00,"RT @catvqi: #OKU &amp; #CAT: Higashikata Josuke! omae wa kono Nijimura Okuyasu no, za handÅ gakesÅ«!
.
.
.
.
.
[ #ANITWTselcaDAY #animeselcadayâ€¦",0.0
105,2021-05-27 23:07:04+00:00,RT @lo_lifer: I sent my mom this photo of my yard not realizing the tiny Adirondack chair I got for my cat was in the frame and she thoughtâ€¦,0.0
106,2021-05-27 23:07:05+00:00,"Don't forget you can now order food at Shan's, so no need to shovel something down your neck quickly before coming out!

Grab either a burger, veggie burger or hot dog between 7pm - 10.30pm ğŸ”ğŸŒ­

#food #foodie #Yate #livemusicvenue #cabaretbar https://t.co/3c23oeVQe1",-0.3595
107,2021-05-27 23:07:05+00:00,Does my cat have a secret identity I don't know about? ğŸ¤”ğŸ˜¸ #CatsOfTwiter #Batman https://t.co/3msjwXu1yL,0.6705
108,2021-05-27 23:07:05+00:00,RT @tyongdear: taeyong is a cat. https://t.co/sWg2YbE6lt,0.0
109,2021-05-27 23:07:05+00:00,RT @heartzcore: cat paws cat paws cat paws https://t.co/MFCJSigWIj,0.0
110,2021-05-27 23:07:06+00:00,"RT @team_greenacres: Please RT @fundacionjadoul Cleo, 3, Pondenco. At the shelter #spain since 2019

This shy but happy lady has gained conâ€¦",0.8582
111,2021-05-27 23:07:06+00:00,RT @lo_lifer: I sent my mom this photo of my yard not realizing the tiny Adirondack chair I got for my cat was in the frame and she thoughtâ€¦,0.0
112,2021-05-27 23:07:06+00:00,RT @jaboukie: responded to a work message while i was playing with my dog and the voice text kept going https://t.co/lt1nwD6sHa,0.2023
113,2021-05-27 23:07:06+00:00,RT @jaboukie: responded to a work message while i was playing with my dog and the voice text kept going https://t.co/lt1nwD6sHa,0.2023
114,2021-05-27 23:07:06+00:00,RT @DojaCatAccess: Doja Cat arriving at the iHeart Radio Awards red carpet. â¤ï¸ https://t.co/DTjCIybq4V,0.4588
115,2021-05-27 23:07:07+00:00,"Doja Cat na czerwonym dywanie #iHeartAwards

#iHeartAwards2021 https://t.co/Xjut1XDeNB",0.0
116,2021-05-27 23:07:07+00:00,Cat 47ca9aabcccb20352bfc8b7b768b56a8521e1c11 https://t.co/WuSa3VGSoB,0.0
117,2021-05-27 23:07:08+00:00,Tant que Ã§a permet de dÃ©gager Serge Robert câ€™est pas grave https://t.co/qRbLn7nNBx,-0.3818
118,2021-05-27 23:07:08+00:00,"RT @mrangusscottie: Happy Birthday to Angus!
Today this little love nugget turns 5 years old! He can be stubborn and have selective hearingâ€¦",0.7573
119,2021-05-27 23:07:08+00:00,RT @AsstonKusheR: dog iâ€™m tryna grab my laundry but proooooooceed i love atlanta https://t.co/58pBugG2e6,0.7783
120,2021-05-27 23:07:08+00:00,El proper dimarts entrarÃ  en funcionament la parada dâ€™autobÃºs a demanda de Mieres https://t.co/5VP4wTfgiV COMPARTEIX!!! #Garrotxa #Olot #Girona #Catalunya https://t.co/U8Ilm9jKQd,0.0
121,2021-05-27 23:07:09+00:00,RT @churroz: â€œSo my best friend Riku had his body possessed by a guy named Ansem who wasnâ€™t really Ansem but the Heartless of a guy named Xâ€¦,-0.1531
122,2021-05-27 23:07:09+00:00,"RT @team_greenacres: Cuddle bug Buddy, 5, Mastiff x Rottie. At Loving Dogs Home Rescue #Orkney since 1.9.18. Needs quiet, rural, dog free hâ€¦",0.8885
123,2021-05-27 23:07:10+00:00,"RT @SquChan: Space Cat in Wonderland ğŸ’œ

#squchujin https://t.co/bIbIULm0Pc",0.6369
124,2021-05-27 23:07:10+00:00,RT @_mengiao: æœ€ç‹ cat chu https://t.co/suwJzfhSk5,0.0
125,2021-05-27 23:07:10+00:00,"RT @lostfoundpets: A female cat was lost on 15/05/2021 in Fortfield Road, #Terenure, Dublin 6w https://t.co/XBIlPhuVsO #lpie https://t.co/aâ€¦",-0.3182
126,2021-05-27 23:07:10+00:00,RT @burberrydoja: DOJA CAT???? HELLOOOOOOO???? https://t.co/Rjltb70V8m,0.0
127,2021-05-27 23:07:11+00:00,"@moonscerealbowl Cats are amazing, but mostly my cat, look at her https://t.co/0W65a3Y966",0.34
128,2021-05-27 23:07:12+00:00,RT @SwiftOnSecurity: When your dog defaults to 320x240 resolution https://t.co/90QNdYI0Mz,0.0
129,2021-05-27 23:07:13+00:00,RT @lo_lifer: I sent my mom this photo of my yard not realizing the tiny Adirondack chair I got for my cat was in the frame and she thoughtâ€¦,0.0
130,2021-05-27 23:07:13+00:00,"RT @jaybcharts: #JAYBXDOJA Streaming Party! ğŸ‰

Join @TheKittensRoom and I on StationHead as we stream JAY B and Doja Catâ€™s music!

ğŸ“May 29tâ€¦",0.8011
131,2021-05-27 23:07:13+00:00,"RT @team_greenacres: Please RT @spanishstray Arnold/Henry, 6/7? The Brothers have been in rescue since April 2016. Must stay together. Needâ€¦",0.6808
132,2021-05-27 23:07:14+00:00,RT @notsafeforweh: Knife cat. Cat with the knives. https://t.co/JamxtiaXIh,0.0
133,2021-05-27 23:07:14+00:00,"ã¿ã‚“ã«ã‚ƒãƒ¼ãƒ¼ãƒ¼ãƒ¼ãƒƒãƒƒ!!!
ä»Šé€±ã‚‚çµ‚ç›¤!!! 
ãƒˆãƒ ãƒã‹ã‚‰ç²¾ä¸€æ¯ã®ã‚¨ãƒ¼ãƒ«ã«ã‚ƒ!!!

#çŒ«ã®ã„ã‚‹æš®ã‚‰ã— #çŒ«å¥½ãã•ã‚“ã¨ç¹‹ãŒã‚ŠãŸã„ #ã­ã“ #ã¯ãªãã‚“ #çŒ«ã®ã„ã‚‹ç”Ÿæ´» #cat #çŒ« #ã‚·ãƒãƒ›ãƒã‚³ãƒ€ã‚¹ã‚± #çŒ«ã‚’TLã«æµã—ã¡ã‚ƒãŠã† https://t.co/bXccQJamhs",0.0
134,2021-05-27 23:07:15+00:00,RT @eggtempest: franziska von karma adopts a cat #aceattorney https://t.co/HlUUycJpqI,0.1779
135,2021-05-27 23:07:15+00:00,RT @hisser: Dog days #ãƒ•ãƒ³ãƒœãƒ«ãƒˆãƒšãƒ³ã‚®ãƒ³ã¡ã‚ƒã‚“ã­ã‚‹ #ã‘ã·ãµã‚‹ã‚‹ https://t.co/deBYS9YfWG,0.0
136,2021-05-27 23:07:15+00:00,"RT @SoulShelter2: ğŸ†˜ğŸš¨Please #help us to complete her medication, today we used the last amount of her medication balance (enough for 3 days)â€¦",0.4019
137,2021-05-27 23:07:16+00:00,"#FantasyPlanet ğŸ‘‰

Â¡Mira lo que acabo de encontrar en Wallapop!
Playmobil Cazafantasmas / Slimer With Hot Dog

https://t.co/gRBR7AWaw1 https://t.co/wTrcWavI1c",0.0
138,2021-05-27 23:07:16+00:00,"#JudithNation
Only one person can be this cool, and still pull off having cat imprints on her shoes. https://t.co/Y5PMsdSAJA",0.3869
139,2021-05-27 23:07:18+00:00,RT @iconicphotocard: 287. SEULGI (of Red Velvet) My Artbook Of Sleep Cat Photocard https://t.co/iLDDMrmEHj,0.0
140,2021-05-27 23:07:18+00:00,"RT @STELLA_700: Anyone nearby Keramat Mall area, please go behind Keramat Mall there is a cat cage with few strays there. Some were sick anâ€¦",-0.25
141,2021-05-27 23:07:19+00:00,RT @jaboukie: responded to a work message while i was playing with my dog and the voice text kept going https://t.co/lt1nwD6sHa,0.2023
142,2021-05-27 23:07:19+00:00,RT @syedaaliff: rt if you cat lover ğŸ¥º https://t.co/uPhsFIDKVL,0.5859
143,2021-05-27 23:07:20+00:00,"New artwork for sale! - ""Dog, Winter p5"" - https://t.co/xCfNrlqwp6 @shoppixels https://t.co/G1yP1pBOiu",0.0
144,2021-05-27 23:07:21+00:00,"ãŠã¯ã‚ˆã†ã”ã–ã„ã¾ã™ğŸŒ
ä¹…ã€…ã«æœã‹ã‚‰é’ç©ºï¼

ãŠæ—¥æ§˜ã®å½“ãŸã‚‹ä¸€ç•ªæ°—æŒã¡è‰¯ã„å ´æ‰€ã«å¬é‚„ã•ã‚Œã¦ã‚‹ç¦åŠ©(ç¬‘)

#å¿—è³€é«˜åŸ #çœ‹æ¿çŒ« #ä¿è­·çŒ« #é»’çŒ«
#shigakogen #CatsOfTwitter #cat https://t.co/gi8yZMfLSm",0.0
145,2021-05-27 23:07:21+00:00,RT @ANI: Delhi | YouTuber Gaurav Sharma arrested for cruelty to an animal after he posted a video on social media where he floated up a petâ€¦,-0.7906
146,2021-05-27 23:07:21+00:00,"RT @LORDSirMeow: Defi summer Vol 1

Doja Cat ft Tyga - $Pussy

@DojaCat @Tyga https://t.co/ixgFYKO2q7",0.0
147,2021-05-27 23:07:22+00:00,"ã€æŸ´çŠ¬ã€‘åŒ—æµ·é“ç”£æ—¬ã®æµã‚¢ã‚¹ãƒ‘ãƒ©ã‚’è´…æ²¢ã«é£Ÿã¹ã‚‹æŸ´çŠ¬
ï¼ƒShiba ï¼ƒdog ï¼ƒæŸ´çŠ¬ã‚ã‚“ã ãµã‚‹ã¿ã‹ã‚“
ï¼ƒã‚¢ã‚¹ãƒ‘ãƒ© https://t.co/k0a1LldvtK @YouTubeã‚ˆã‚Š https://t.co/dgvZuiIhcx",0.0
148,2021-05-27 23:07:22+00:00,"RT @air_tan: ã‚¿ãƒãƒˆã‚¤ã‚ºãŒã€Œã‚¨ãƒ³ã‚¸ã‚§ãƒªãƒƒã‚¯ãƒ‰ãƒ¼ãƒ« æ·»ã„å¯Ver.ã€ã¨å‘½åã—ãŸã«ã‚‚ã‹ã‹ã‚ã‚‰ãšã€ãƒ­ã‚¯ã«æ·»ã„å¯ã‚‚ã›ãšå‡ºæ­©ãå›ã‚‹ã‚¸ãƒˆç›®ã¡ã‚ƒã‚“ã€‚ã¡ãªã¿ã«é¡”ã¯ãˆã‚â˜†ã¾ã™ãã€‚
https://t.co/d4sc5oX6MG https://t.co/MphWdjYWPT",0.0
149,2021-05-27 23:07:22+00:00,"RT @BearBertthe: When you try and get a pretty photo of 3 friends but.... There is always one!

One of these puppies is 8 months and the otâ€¦",0.5334
150,2021-05-27 23:07:22+00:00,"RT @LORDSirMeow: Defi summer Vol 1

Doja Cat ft Tyga - $Pussy

@DojaCat @Tyga https://t.co/ixgFYKO2q7",0.0
151,2021-05-27 23:07:23+00:00,"RT @3WoollyOwls: #Nautical  #cats at the seaside at last! #cat
#Breton #InBizHour #YourBizHour #womeninbiz 

 https://t.co/3m9DAf5nOb via @â€¦",0.0
152,2021-05-27 23:07:23+00:00,Her glam team really been on it. itâ€™s been consecutive looks for a while now. https://t.co/jfRDb2rIua,0.0
153,2021-05-27 23:07:24+00:00,"RT @suranoyaki: Angry cat sharkğŸ’™
#gawrt https://t.co/x99B8GlJAE",0.2263
154,2021-05-27 23:07:24+00:00,RT @onlydoja: doja cat with her natural hair https://t.co/shPHiGx8oT,0.3612
155,2021-05-27 23:07:24+00:00,"RT @atiiiiny: ""my cat ears are out"" â€” park seonghwa, 2021 https://t.co/4IhDXSPq8s",0.0
156,2021-05-27 23:07:24+00:00,ğŸ˜ğŸ’šğŸ˜ğŸ’šğŸ˜ https://t.co/kQc04FIq1z,0.9545
157,2021-05-27 23:07:24+00:00,RT @jaboukie: responded to a work message while i was playing with my dog and the voice text kept going https://t.co/lt1nwD6sHa,0.2023
158,2021-05-27 23:07:24+00:00,Cat sad https://t.co/0utKH0HnQq,-0.4767
159,2021-05-27 23:07:25+00:00,1st https://t.co/1stiAlL4cD,0.0
160,2021-05-27 23:07:25+00:00,RT @DojaCatAccess: Doja Cat arriving at the iHeart Radio Awards red carpet. â¤ï¸ https://t.co/DTjCIybq4V,0.4588
161,2021-05-27 23:07:25+00:00,"I literally have the cutest dog, no argument https://t.co/EDebzbH7EY",0.7105
162,2021-05-27 23:07:26+00:00,"RT @bijutsu1: æ™‚ã‚’ã‹ã‘ã‚‹çŒ« 545 ""Cat Who Leapt Through Time""(20190528)

ã€é¢¨é™¤å®¤ğŸˆâ€â¬›windbreak room ã€ã¡ã‚‡ã†ã© 2å¹´å‰ğŸ¨ã“ã“ã‹ã‚‰å…ˆãŒé¤¨å†…ã¨ãªã‚Šã¾ã™ãƒ‹ãƒ£ã€‚#å°¾é“ #å°¾é“å¸‚ç«‹ç¾è¡“é¤¨ #åƒå…‰å¯ºå…¬åœ’ #cat hâ€¦",0.0
163,2021-05-27 23:07:27+00:00,"RT @HikaruOcto: Thatâ€™s Lucas, the new cat
Heâ€™s sleeping and purring on me &gt;w&lt;
So cute! https://t.co/RNU7knZhTE",0.632
164,2021-05-27 23:07:28+00:00,RT @AsstonKusheR: dog iâ€™m tryna grab my laundry but proooooooceed i love atlanta https://t.co/58pBugG2e6,0.7783
165,2021-05-27 23:07:28+00:00,RT @AsstonKusheR: dog iâ€™m tryna grab my laundry but proooooooceed i love atlanta https://t.co/58pBugG2e6,0.7783
166,2021-05-27 23:07:30+00:00,RT @defjam: It's all about the dog tonight! #EXODUS https://t.co/KxSusGZ3JO,0.0
167,2021-05-27 23:07:30+00:00,Fudge trying to let the cat think she has not seen her xx https://t.co/CrlHTVYS0N,0.0
168,2021-05-27 23:07:31+00:00,RT @CptPuffy: Weird realization that every member of Cyan Creepers has a white fluffy dog! https://t.co/LVyZ3TLhjL,-0.2481
169,2021-05-27 23:07:31+00:00,RT @jaboukie: responded to a work message while i was playing with my dog and the voice text kept going https://t.co/lt1nwD6sHa,0.2023
170,2021-05-27 23:07:32+00:00,"@009popcorn @PlayAdoptMe interested in anything here?
i also have sloth, panda, robo dog and a ride potion and another star fish and ride albino bat only one narhwal https://t.co/i6t5OSV9ih",0.4019
171,2021-05-27 23:07:32+00:00,"Thanks to @glassbottommeg and her muffinposting I am now in possession of raisin bran muffins

ALSO I GOT THIS CUTE KITTY CAT MUG AT THE SAME TIME https://t.co/ogkUmAb3TZ",0.8083
172,2021-05-27 23:07:33+00:00,RT @SwiftOnSecurity: When your dog defaults to 320x240 resolution https://t.co/90QNdYI0Mz,0.0
173,2021-05-27 23:07:33+00:00,RT @HeavenSentMel: Was literally looking for my cat in all his sleeping areas and found him in his new backpack knocked out https://t.co/Y8â€¦,0.0
174,2021-05-27 23:07:35+00:00,RT @doolsetbangtan: cat: again? https://t.co/XwIhAPlSOm,0.0
175,2021-05-27 23:07:36+00:00,RT @doolsetbangtan: cat: again? https://t.co/XwIhAPlSOm,0.0
176,2021-05-27 23:07:36+00:00,RT @SpotTheLoon2010: I've decided to subtitle pictures of my cat so people know what he's thinking.  ğŸ¤£ğŸ¤£ğŸ¤£ https://t.co/1vElT2RUrv,0.8625
177,2021-05-27 23:07:36+00:00,"RT @coffeenol: Here is a cute picture of my elderly doggo enjoying a nap.  Happy Wiener Dog Wednesday!  (if it's not A Thing, maybe it shouâ€¦",0.8858
178,2021-05-27 23:07:37+00:00,RT @DojaCatAccess: Doja Cat arriving at the iHeart Radio Awards red carpet. â¤ï¸ https://t.co/DTjCIybq4V,0.4588
179,2021-05-27 23:07:37+00:00,"RT @FeelGoodPage11: Drop your grow up cat picture.

ğŸ“· : loveminhae https://t.co/69fPOnpjVy",-0.2732
180,2021-05-27 23:07:37+00:00,RT @reynachabeli: Hey yâ€™all my dog Spirits stomach is currently bloated and the emergency consultation is $125.00 :/ Iâ€™ll need help coverinâ€¦,-0.3182
181,2021-05-27 23:07:38+00:00,"RT @HoundsInPounds: NY/NJ: Meet Sweetie! She has her best show dog pose going on!

Accepting pre-adoption applications for Sweetie. She isâ€¦",0.9298
182,2021-05-27 23:07:38+00:00,RT @AsstonKusheR: dog iâ€™m tryna grab my laundry but proooooooceed i love atlanta https://t.co/58pBugG2e6,0.7783
183,2021-05-27 23:07:38+00:00,"I've been reading and listening to a fair few books lately but I've also been jigsawing. I am exhausting supplies, so much so I had to do a flippin cat one. The consolation was that one of the cats looks like the bane of my wild bird loving life, Stupid Cat. https://t.co/jYXc95fKsc",0.34
184,2021-05-27 23:07:38+00:00,"RT @tw1nk_n01zez: hey please retweet this, my dads service dog needs medical attention and there is no way he can pay for it himself. donatâ€¦",-0.0772
185,2021-05-27 23:07:38+00:00,RT @HeavenSentMel: Was literally looking for my cat in all his sleeping areas and found him in his new backpack knocked out https://t.co/Y8â€¦,0.0
186,2021-05-27 23:07:38+00:00,"RT @ototomaru_1213: ã„ãŸãšã‚‰ã°ã£ã‹ã—ã¦ï¼ã™ã‚ã£ã¦ã‚‹ã—ï¼

#ã­ã“ #çŒ«å¥½ãã•ã‚“ã¨ç¹‹ãŒã‚ŠãŸã„ #ã‚¹ã‚³ãƒ†ã‚£ãƒƒã‚·ãƒ¥ãƒ•ã‚©ãƒ¼ãƒ«ãƒ‰ #cat #çŒ«ãŒã„ã‚‹æš®ã‚‰ã— #ã¨ã¨ã¾ã‚‹ https://t.co/iH63BZkVtp",0.0
187,2021-05-27 23:07:39+00:00,A eso no lo matas ni con un bote entero de desodorante https://t.co/X69Eb76t4V,-0.296
188,2021-05-27 23:07:39+00:00,RT @AsstonKusheR: dog iâ€™m tryna grab my laundry but proooooooceed i love atlanta https://t.co/58pBugG2e6,0.7783
189,2021-05-27 23:07:39+00:00,"RT @nekopia01: â­ï¸Happy New Yearâ­ï¸

I wish you a year filled with peace, good health and happinessğŸ’—

#2020å¹´ã¸ 
#ã‚ã‘ã¾ã—ã¦ãŠã‚ã§ã¨ã† 
#2020NewYear 
#haâ€¦",0.9559
190,2021-05-27 23:07:40+00:00,*staring in the mirror like this dog* Weâ€™re going to cure our depression with BRUTE! FORCE! https://t.co/a1FBIHOImH,-0.4184
191,2021-05-27 23:07:40+00:00,"NY/NJ: Awesome little dog! Meet Miley!â¤ï¸ğŸ¶

Miley is around 8 years old and weighs 8 lbs. Foster mommy says she is an angel! Miley came to us after her owner died. Her owner did not plan for her pets upon her death.(More below)ğŸ‘‡#adoptme #dogsoftwitter https://t.co/bH0zzTPC6p",0.3348
192,2021-05-27 23:07:41+00:00,"æ™‚å·®ãŒãƒ„ãƒ©ã„ã®ã¨6/24-27ã®4æ—¥ã€‚ã€‚æœ¨ã‹ã‚‰æ—¥æ›œæ—¥

SEFAã¯è¦‹é€ƒã›ãªã„â¤ï¸ğŸ¥ºğŸ¤©
ã‚ã¨
Dr. peacock
crypton
Radical redemption
Mad dog
ã‚‚

KorsakoffãŒã„ãªã„

ãƒ€ãƒ„ã‚¤ã¨ã‹ã€SZPã¨ã‹HHZã¨ã‹ã‚‚ã¨ã‹ã»ã¼å…¨åˆ¶è¦‡ç›®æŒ‡ã™ã¨å…¨ç„¶å¯ä¸è¶³ã«ãªã‚‹ã ã‚ã†
ã‚¹ã‚±ã‚¸ãƒ¥ãƒ¼ãƒ«ãŒæ°—ã«ãªã‚‹
æœ¨æ›œæ—¥ãŒãƒ„ãƒ©ã„ãª https://t.co/sj0DnqyyVm",-0.4939
193,2021-05-27 23:07:42+00:00,æ‹·å•ã ãã€œğŸ’¦ https://t.co/fhPVeFrttz,0.0
194,2021-05-27 23:07:42+00:00,RT @DojaCatAccess: Doja Cat arriving at the iHeart Radio Awards red carpet. â¤ï¸ https://t.co/DTjCIybq4V,0.4588
195,2021-05-27 23:07:43+00:00,RT @HeavenSentMel: Was literally looking for my cat in all his sleeping areas and found him in his new backpack knocked out https://t.co/Y8â€¦,0.0
196,2021-05-27 23:07:43+00:00,RT @CptPuffy: Weird realization that every member of Cyan Creepers has a white fluffy dog! https://t.co/LVyZ3TLhjL,-0.2481
197,2021-05-27 23:07:43+00:00,RT @jaboukie: responded to a work message while i was playing with my dog and the voice text kept going https://t.co/lt1nwD6sHa,0.2023
198,2021-05-27 23:07:43+00:00,RT @jaboukie: responded to a work message while i was playing with my dog and the voice text kept going https://t.co/lt1nwD6sHa,0.2023
199,2021-05-27 23:07:45+00:00,"RT @BABYC0RPSE: Egirls went gold â€¼ï¸ğŸ†â­ï¸
Now it has to hit 150m streams ğŸ¥°
This cat-girl said so otherwise sheâ€™s going to claw you
So go listeâ€¦",0.8074
200,2021-05-27 23:07:45+00:00,ã“ã‚ŒãŒãƒ›ãƒ³ãƒˆã®ãƒã‚³ãƒ¤ãƒŠã‚® #neko #cat #çŒ« #ã­ã“ #ãƒã‚³ https://t.co/jIP1RJgSLG,0.0
201,2021-05-27 23:07:45+00:00,RT @mmmjoos: Quick Study of CatğŸˆ https://t.co/8l372crOsi,0.0
202,2021-05-27 23:07:46+00:00,"RT @mansehao: 210107 #JUN weibo update

â€œA cat taking a walk on winterâ€™s day~ ğŸˆ (cat belongs to staff)â€ https://t.co/5b5bms03pD",0.0
203,2021-05-27 23:07:47+00:00,"RT @CannedDrawings: Fuck you
Take this cat discord instead https://t.co/o5TdK9wCYU",-0.7351
204,2021-05-27 23:07:47+00:00,"@Malw_cat @peckpalit à¸¡à¸­à¸£à¹Œà¸™à¸´à¹ˆà¸‡à¸„à¹ˆà¸°à¸™à¸¸à¸Šà¹à¸„à¸— à¸ªà¸¸à¸‚à¸ªà¸”à¹ƒà¸ªà¸ˆà¸´à¸•à¹ƒà¸ˆà¹€à¸šà¸´à¸à¸šà¸²à¸™à¸™à¸°à¸„à¸° ğŸ’™ğŸ¤—ğŸ˜ğŸ¦‹
#à¸­à¸¢à¸²à¸à¹€à¸ˆà¸­à¸£à¸­à¸¢à¸¢à¸´à¹‰à¸¡à¸‚à¸­à¸‡à¹€à¸˜à¸­
#à¸¡à¸­à¸£à¹Œà¸™à¸´à¹ˆà¸‡702 
#à¹€à¸›à¹Šà¸à¸œà¸¥à¸´à¸•à¹‚à¸Šà¸„ 
#PeckPaLitChoke https://t.co/BibuEeR4Cb",0.875
205,2021-05-27 23:07:47+00:00,RT @TwinsAlpha1: New week start ! Letâ€™s make to be more productive ! Obey â‚¬â‚¬â‚¬ #feet #giant #dirty #paypal #revolut #drain #hard #abuse #verâ€¦,-0.8436
206,2021-05-27 23:07:47+00:00,RT @Panda___Panda_: PANDA! PANDA? #panda #animal #bear #cat #cute #illustration #illustrator #art #artist #cartoon #comic #manga #animationâ€¦,0.5093
207,2021-05-27 23:07:47+00:00,@ItzySMM Ratioâ€™d by a dog https://t.co/CNwfpEQYOf,0.0
208,2021-05-27 23:07:48+00:00,"New artwork for sale! - ""Dog, Winter"" - https://t.co/y1Ttkp0ToN @shoppixels https://t.co/WeZ7s88n4k",0.0
209,2021-05-27 23:07:48+00:00,I like cat ear version more https://t.co/khFtdirCOK,0.3612
210,2021-05-27 23:07:48+00:00,"RT @jamesradenz: This little guy just showed up outside my apartment..

Heâ€™s probably about 6-9 weeks old.

Heâ€™s well behaved and seems toâ€¦",0.2732
211,2021-05-27 23:07:48+00:00,RT @DojaCatAccess: Doja Cat arriving at the iHeart Radio Awards red carpet. â¤ï¸ https://t.co/DTjCIybq4V,0.4588
212,2021-05-27 23:07:49+00:00,RT @FourwandsW: Their mother was killed by a dog. They were a bit dehydrated but they are otherwise in good shape.  They will be going throâ€¦,0.2732
213,2021-05-27 23:07:49+00:00,RT @juhourly: i lost my bitchass dog again https://t.co/Mgug0eRvZc,-0.3182
214,2021-05-27 23:07:50+00:00,RT @SpotTheLoon2010: I've decided to subtitle pictures of my cat so people know what he's thinking.  ğŸ¤£ğŸ¤£ğŸ¤£ https://t.co/1vElT2RUrv,0.8625
215,2021-05-27 23:07:51+00:00,eye cat https://t.co/B7fDfnueAD,0.0
216,2021-05-27 23:07:52+00:00,"Folk will know how large your soul is, by the way you treat a cat. https://t.co/dVZyAxmj3C",0.4019
217,2021-05-27 23:07:52+00:00,"Hm ?

Oh !
Didn't catch ya starin' until now !

What's the matter, Reader ?
Cat got your tongue ? https://t.co/i4J52tRLIc",0.3013
218,2021-05-27 23:07:52+00:00,"å§ã•ã‚“ã€ä»Šæ—¥ã¯ãŠå¤©æ°—ã‚ˆããªã‚‹ã‚‰ã—ã„ã§ã™ã€‚

#252522ãƒ—ãƒ­ã‚¸ã‚§ã‚¯ãƒˆ
#å®¶çŒ«ä¿®è¡Œã®ãƒ’ã‚µã¡ã‚ƒã‚“
#252522_ãƒ’ã‚µ
#é‡Œè¦ªå‹Ÿé›†ä¸­

#ã­ã“éƒ¨ #çŒ« #cat #catstagram #catsofinstagram #calicocat #ãµã‚ã‚‚ã“éƒ¨ #ä¸‰æ¯›çŒ« #ã‚ã‚“ã¿ã¤ã«ã‚ƒã‚“ã ã‹ã‚‰ https://t.co/395KnE9IX4 https://t.co/VI5I0X77eB",0.0
219,2021-05-27 23:07:52+00:00,"RT @tw1nk_n01zez: hey please retweet this, my dads service dog needs medical attention and there is no way he can pay for it himself. donatâ€¦",-0.0772
220,2021-05-27 23:07:53+00:00,RT @heartzcore: cat paws cat paws cat paws https://t.co/MFCJSigWIj,0.0
221,2021-05-27 23:07:53+00:00,"RT @TrashToonZ: I'm Trying to decide on a gate keeper design for an idea I had. Problem is I like all of em, figured a two  poll would helpâ€¦",-0.0516
222,2021-05-27 23:07:53+00:00,"@JDfromNY206 Facts!! My dog died January of this year, died right there in my living room, watched him die and everything, I believe it was a heart attack.. PETS ARE KIDS. https://t.co/ODUm8e00za",-0.8906
223,2021-05-27 23:07:53+00:00,@tanak6ryu te presnero a my dog https://t.co/V5PPlQWtJ5,0.0
224,2021-05-27 23:07:54+00:00,RT @reynachabeli: Hey yâ€™all my dog Spirits stomach is currently bloated and the emergency consultation is $125.00 :/ Iâ€™ll need help coverinâ€¦,-0.3182
225,2021-05-27 23:07:54+00:00,"RT @LGMonsterBlog: ""Lady Gaga interpretÃ³ 'Smelly Cat' con Lisa Kudrow, Â¿y quiÃ©n iba a saber que lucirÃ­a exactamente como Phoebe? Vamos a neâ€¦",0.0
226,2021-05-27 23:07:54+00:00,MY GOOD SIS https://t.co/ys9o4mSmES,0.5622
227,2021-05-27 23:07:55+00:00,RT @EnzoKenzo10: Beautiful dog family https://t.co/DgfIr0nAbb,0.5994
228,2021-05-27 23:07:56+00:00,RT @colleengrott: Mom says we have to move because itâ€™s illegal to educate your dog in Ct. I kinda like that law since Iâ€™m already smart!ğŸ¶ğŸ§â€¦,0.1528
229,2021-05-27 23:07:56+00:00,"RT @LORDSirMeow: Defi summer Vol 1

Doja Cat ft Tyga - $Pussy

@DojaCat @Tyga https://t.co/ixgFYKO2q7",0.0
230,2021-05-27 23:07:56+00:00,Ã‰ ELA! Doja Cat sempre servindo looks! #iHeartAwards2021 https://t.co/HPtaYbkH57,0.0
231,2021-05-27 23:07:57+00:00,"RT @tw1nk_n01zez: hey please retweet this, my dads service dog needs medical attention and there is no way he can pay for it himself. donatâ€¦",-0.0772
232,2021-05-27 23:07:58+00:00,I think I know where this is at based on the poster lol https://t.co/FA81UVY3Km,0.4215
233,2021-05-27 23:07:59+00:00,RT @musicnewsfactpl: Doja Cat podczas #iHeartAwards https://t.co/6MSwe3yC4c,0.0
234,2021-05-27 23:07:59+00:00,cuties https://t.co/1Sw2XyfDAO,0.4939
235,2021-05-27 23:08:00+00:00,People so ridiculous smh https://t.co/Pc0X5eJ3cX,-0.6566
236,2021-05-27 23:08:00+00:00,RT @aspirindabaitu: ğŸ¯Cat tailğŸ¯ https://t.co/BUHv68YosX,0.0
237,2021-05-27 23:08:01+00:00,I need the cat scan in my truck for some reason https://t.co/x3kjb6MFmT,0.0
238,2021-05-27 23:08:02+00:00,"RT @tabisurutomchi: ã¿ã‚“ã«ã‚ƒãƒ¼ãƒ¼ãƒ¼ãƒ¼ãƒƒãƒƒ!!!
ä»Šé€±ã‚‚çµ‚ç›¤!!! 
ãƒˆãƒ ãƒã‹ã‚‰ç²¾ä¸€æ¯ã®ã‚¨ãƒ¼ãƒ«ã«ã‚ƒ!!!

#çŒ«ã®ã„ã‚‹æš®ã‚‰ã— #çŒ«å¥½ãã•ã‚“ã¨ç¹‹ãŒã‚ŠãŸã„ #ã­ã“ #ã¯ãªãã‚“ #çŒ«ã®ã„ã‚‹ç”Ÿæ´» #cat #çŒ« #ã‚·ãƒãƒ›ãƒã‚³ãƒ€ã‚¹ã‚± #çŒ«ã‚’TLã«æµã—ã¡ã‚ƒãŠã† httpsâ€¦",0.0
239,2021-05-27 23:08:02+00:00,RT @AsstonKusheR: dog iâ€™m tryna grab my laundry but proooooooceed i love atlanta https://t.co/58pBugG2e6,0.7783
240,2021-05-27 23:08:02+00:00,Gaga girl lemme see your catğŸ˜­ğŸ˜­â¤ï¸ https://t.co/iRcWxx2Kvx,-0.7351
241,2021-05-27 23:08:02+00:00,RT @Sazzy__Sandra: Just as well I've got this lovely book to read A Week In Paris @Rachelhore  as think it going to be a long night keepingâ€¦,0.765
242,2021-05-27 23:08:02+00:00,DOJA CAT. https://t.co/A2zDDdgsyv,0.0
243,2021-05-27 23:08:02+00:00,"RT @_Mewzi_: The exceptionally rare but fancy shots from a cute purple cat ğŸ˜³

#gposers #ffxivsnaps #posingwithrbb #Talimstahee https://t.coâ€¦",0.6124
244,2021-05-27 23:08:02+00:00,RT @musicnewsfactpl: Doja Cat podczas #iHeartAwards https://t.co/6MSwe3yC4c,0.0
245,2021-05-27 23:08:03+00:00,RT @HeavenSentMel: Was literally looking for my cat in all his sleeping areas and found him in his new backpack knocked out https://t.co/Y8â€¦,0.0
246,2021-05-27 23:08:03+00:00,RT @jaboukie: responded to a work message while i was playing with my dog and the voice text kept going https://t.co/lt1nwD6sHa,0.2023
247,2021-05-27 23:08:04+00:00,"There's options. DECIMA 2.1 added a ""DLSS"" equivalent at an engine level too, so 1440p/60 is gonna probably look better than native 4K. That's what I'm ready for, Guerrilla Games are almost as good at Naughty Dog in terms of engine creation. https://t.co/ILBWlzwPP8",0.8451
248,2021-05-27 23:08:04+00:00,RT @AsstonKusheR: dog iâ€™m tryna grab my laundry but proooooooceed i love atlanta https://t.co/58pBugG2e6,0.7783
249,2021-05-27 23:08:04+00:00,Haha... https://t.co/LH7tqAwBMa,0.4588
250,2021-05-27 23:08:06+00:00,RT @AnnaGomezFerran: En les trampes amb cervesa negre sols hi cauent ellesğŸ˜‰ De moment una cada dia. @savilamajor_cat @sales_sergi @MeteoBarâ€¦,0.0
251,2021-05-27 23:08:07+00:00,"RT @Wetdarkandwild: I've been reading and listening to a fair few books lately but I've also been jigsawing. I am exhausting supplies, so mâ€¦",-0.3818
252,2021-05-27 23:08:08+00:00,"RT @jonbir90: This is the hostel breakfast room on the second day of a stag when the groom's dad says ""here he is! Look what the cat draggeâ€¦",0.0
253,2021-05-27 23:08:09+00:00,"RT @CeeHaz: ğŸ¶Dog Knight RPGğŸ¶
A Long Day of Quests https://t.co/tklliSlGO5",0.0
254,2021-05-27 23:08:09+00:00,RT @AdorkaStock: Cat Photobombs #AdorkaStockPoses https://t.co/FFlNPEhPHs,0.0
255,2021-05-27 23:08:09+00:00,"DOJA FUCKING CAT ğŸ˜ŒğŸ’… 
#iHeartAwards https://t.co/dOuOzcLYAY",0.5536
256,2021-05-27 23:08:10+00:00,Hot Pink. https://t.co/L32eCZDtxb,0.0
257,2021-05-27 23:08:09+00:00,"1. Beauty
2. Another beauty name The Woolly Bear
3. The caterpillar after which the cat was named.
4. The best dog ever, BB King, making a person laugh. https://t.co/FiO1mKEorS https://t.co/qC3mzZOSVZ",0.9468
258,2021-05-27 23:08:10+00:00,RT @AsstonKusheR: dog iâ€™m tryna grab my laundry but proooooooceed i love atlanta https://t.co/58pBugG2e6,0.7783
259,2021-05-27 23:08:10+00:00,RT @jaboukie: responded to a work message while i was playing with my dog and the voice text kept going https://t.co/lt1nwD6sHa,0.2023
260,2021-05-27 23:08:10+00:00,What about a follow for this beauty of a staff?! ;) #dogs #dogsofinstagram #dog #dogstagram #puppy #instadog #doglover #dogoftheday #doglovers #pets #doglife #love #puppylove #pet #puppies #cute #dogsofinsta #puppiesofinstagram #instagram #of #doggo #petsofinstagram #ilovemydog https://t.co/nYmgmwDnJy,0.9312
261,2021-05-27 23:08:10+00:00,RT @jaboukie: responded to a work message while i was playing with my dog and the voice text kept going https://t.co/lt1nwD6sHa,0.2023
262,2021-05-27 23:08:11+00:00,RT @ChasRuth3: @VampireKat @JoSimps87072800 @MsVernestyne @CathyFur @dismantlegop @3SidecarsPlz @LaurieWalters19 @bab_102 @MikeB1MileHi @Ceâ€¦,0.0
263,2021-05-27 23:08:11+00:00,@elonmusk  #SHIBA is good dog? https://t.co/kcQ4hNeDJq,0.4404
264,2021-05-27 23:08:11+00:00,@thislittledeer The four states of cat https://t.co/3ETF9mtSXU,0.0
265,2021-05-27 23:08:13+00:00,RT @mooselabs_: DYK: the average cannabis pipe has over 1300% more bacteria than the average dog food bowl?! WOOFğŸ¶ ğŸ‘‰ https://t.co/LDQACX55hâ€¦,0.0
266,2021-05-27 23:08:13+00:00,"ãµãŸã‚Šã¯ã€€ãŠã¯ã‚ˆã†ã”ã–ã„ã¾ãƒƒã‚¯ã‚¹ã‚¹ãƒ‘ãƒ¼ãƒˆâ¤ï¸

ã©ã†ã‚‚ã€å‹Ÿé›†ã—ã¦ã‚‹æœ¬äººãŒãã‚‚ãã‚‚æµè¡Œã‚Šã«ä¹—ã‚‰ãªã„ç³»ãªã®ã§ã™

#ãŠã¯ã‚ˆã†Vtuber 
#Vtuber 
ã¯ã‚„ã‚Šã«æ„åœ°ã§ã‚‚ä¹—ã‚‰ãªã„Vã‚’çµ¶è³›å‹Ÿé›†ä¸­ https://t.co/T0p68NPoHN",0.0
267,2021-05-27 23:08:13+00:00,"RT @deathgothess: Youâ€™re such a pathetic mutt, begging to be mine. Sending your entire savings. Selling your things to become my pup. Showâ€¦",-0.5719
268,2021-05-27 23:08:14+00:00,RT @burberrydoja: DOJA CAT???? HELLOOOOOOO???? https://t.co/Rjltb70V8m,0.0
269,2021-05-27 23:08:14+00:00,all of you are braindead https://t.co/3df4HelzBi,0.0
270,2021-05-27 23:08:14+00:00,RT @chimnycricket: the lovely devils from @busantwosomeâ€™s Devil Dog bc hybrid JK is an entire brat and I couldnâ€™t NOT draw him ğŸ¤ https://t.â€¦,-0.3954
271,2021-05-27 23:08:14+00:00,@OiNoya BUN!!! + when i was a cat with my son and my tiny wife @nayruuslove ğŸ¥ºğŸ‘‰ğŸ‘ˆğŸ’– https://t.co/TMkC94Oy6v,0.8061
272,2021-05-27 23:08:15+00:00,"I still think about this friendly cat who were living in a kind of small farm.
Three legs boy. https://t.co/1ZZoI9hcJs",0.5789
273,2021-05-27 23:08:15+00:00,"RT @tw1nk_n01zez: hey please retweet this, my dads service dog needs medical attention and there is no way he can pay for it himself. donatâ€¦",-0.0772
274,2021-05-27 23:08:15+00:00,"New artwork for sale! - ""Dog"" - https://t.co/lnAo0VUqUr @shoppixels https://t.co/XAHCVZTPCR",0.0
275,2021-05-27 23:08:16+00:00,"RT @SoulShelter2: Serrei post
Please #Help us to end her suffer, #cat faced too much pain,car hit spine breaking, abortion, amputation, skiâ€¦",0.128
276,2021-05-27 23:08:16+00:00,@Ehk_Cat A mÃ­ ni por error me sale. ): https://t.co/vXGeJNlnAf,-0.6705
277,2021-05-27 23:08:16+00:00,RT @syedaaliff: rt if you cat lover ğŸ¥º https://t.co/uPhsFIDKVL,0.5859
278,2021-05-27 23:08:17+00:00,kkami aint even tht ugly yall dtmğŸ™„ https://t.co/Y5RcxSZozE,0.4023
279,2021-05-27 23:08:18+00:00,Soooo tut ğŸ¥º https://t.co/Tl8dcRwLOI,0.0
280,2021-05-27 23:08:18+00:00,RT @jaboukie: responded to a work message while i was playing with my dog and the voice text kept going https://t.co/lt1nwD6sHa,0.2023
281,2021-05-27 23:08:18+00:00,"RT @catvqi: #OKU &amp; #CAT: Higashikata Josuke! omae wa kono Nijimura Okuyasu no, za handÅ gakesÅ«!
.
.
.
.
.
[ #ANITWTselcaDAY #animeselcadayâ€¦",0.0
282,2021-05-27 23:08:19+00:00,RT @lo_lifer: I sent my mom this photo of my yard not realizing the tiny Adirondack chair I got for my cat was in the frame and she thoughtâ€¦,0.0
283,2021-05-27 23:08:19+00:00,Ù©(à¹‘&gt;âˆ€&lt;à¹‘)Û¶ğŸ’–ğŸ’–ğŸ’– https://t.co/tK45VDByIk,0.9595
284,2021-05-27 23:08:19+00:00,"Can I help you?
.
.
.
.
.
#dog #dogs #dogstagram #dogsofig #dogoftheday #dogsofinstagram #atlanta #georgia #blog #blogger #puglife #pet #petoftheday #petstagram #nervousnellie#penelopelouise #mixedbreed #rescuedog #muttsofinstagram #mixedbreedsofinstagraâ€¦ https://t.co/t8fJ0xhsHL https://t.co/Q7senQodI7",0.4019
285,2021-05-27 23:08:20+00:00,RT @jaboukie: responded to a work message while i was playing with my dog and the voice text kept going https://t.co/lt1nwD6sHa,0.2023
286,2021-05-27 23:08:20+00:00,RT @DojaCatAccess: Doja Cat arriving at the iHeart Radio Awards red carpet. â¤ï¸ https://t.co/DTjCIybq4V,0.4588
287,2021-05-27 23:08:20+00:00,Whew! That's creepy!ğŸ˜œ https://t.co/NZX9QACUEj,0.0
288,2021-05-27 23:08:20+00:00,"Ahh yes, an expensive piece of sound gear, the best place for a cat to sit. https://t.co/qzeS71DJMn",0.7845
289,2021-05-27 23:08:21+00:00,RT @aspirindabaitu: ğŸ¯Cat tailğŸ¯ https://t.co/BUHv68YosX,0.0
290,2021-05-27 23:08:20+00:00,"[#OC]

get yo fuckin dog bitch https://t.co/1P7VDYMlfv",-0.6222
291,2021-05-27 23:08:22+00:00,@dog_mask ãŠã¯ã‚ˆã†ã”ã–ã„ã¾ã™ã€‚é ç›®ã ã¨ã€è»Šè¼‰ç”¨ã®ç™ºç…™ç­’ã£ã½ãè¦‹ãˆã¾ã™w https://t.co/XFGhk8WP6n,0.0
292,2021-05-27 23:08:22+00:00,"RT @catvqi: #OKU &amp; #CAT: Higashikata Josuke! omae wa kono Nijimura Okuyasu no, za handÅ gakesÅ«!
.
.
.
.
.
[ #ANITWTselcaDAY #animeselcadayâ€¦",0.0
293,2021-05-27 23:08:22+00:00,"RT @AdoptionsUk: Please retweet to help find the owner of this dog find #STEVENAGE  #HERTFORDSHIRE â¤ï¸
Female Lurcher found 27 May 2021 no hâ€¦",0.4215
294,2021-05-27 23:08:23+00:00,"RT @takinamiyukari: Facebookã§æµã‚Œã¦ããŸãƒ—ãƒ©ã‚¹ã‚µã‚¤ã‚ºã®ãƒ©ãƒ³ã‚¸ã‚§ãƒªãƒ¼ã®ç€ç”¨å†™çœŸãŒç¾ã—ã„ã€œï¼

https://t.co/A0rIsNOGGd https://t.co/wI8O6u0B14",0.0
295,2021-05-27 23:08:23+00:00,RT @smarchand7216: I have 5 cat coasters for now and then I go out of town for a week! Iâ€™ll put my shop in vacation mode tomorrow night untâ€¦,0.0
296,2021-05-27 23:08:23+00:00,RT @heartzcore: cat paws cat paws cat paws https://t.co/MFCJSigWIj,0.0
297,2021-05-27 23:08:23+00:00,RT @AsstonKusheR: dog iâ€™m tryna grab my laundry but proooooooceed i love atlanta https://t.co/58pBugG2e6,0.7783
298,2021-05-27 23:08:23+00:00,RT @BrianHarris33: @AndreaTwitmo @DanaBleedGreen @cali_jetfan @lhcorbi @katibug817 @LaurieWalters19 @laney2003us @dragonflywing22 @IamMultiâ€¦,0.0
299,2021-05-27 23:08:23+00:00,"ÙƒÙ€Ø¤Ø¯ Ø®Ù“Ù€ÙÙ“ØµÙ°Ù“Ù… Ù…Ø°Ø±ÙƒÙŠØ± Ù†ÙˆÙ† Ø¯ÙŠÙ„ÙŠ Ø²Ù‡ÙˆØ± Ø§Ù„Ø±ÙŠÙ ÙƒØ¤Ø¨Ø¤Ù†

What do you get if you cross a dog with a blind mole? A dog that keeps barking up the wrong tree!

570620223460 https://t.co/U96c0S6LPB",-0.7263
300,2021-05-27 23:08:23+00:00,"Omg butthole protectors

I was so shook bc at first I thought it was a cat buttplug and I was like noooooo lmao https://t.co/SIeQoFDNok",0.674
301,2021-05-27 23:08:24+00:00,RT @artfinderlatest: Dog day 27/5 by @rljenkinson #painting #mixedmedia #art https://t.co/OPAkLVbQM0 @artfinder https://t.co/Dw1tMQxk6Z,0.0
302,2021-05-27 23:08:25+00:00,"RT @StreetArtDream: ""... hi guys, can i play with you?"" ğŸ˜…ğŸ¶#StreetArt #Art #Dog #Smile #Sculpture #funniesttweets #Play #Graffiti #urbanartâ€¦",0.8316
303,2021-05-27 23:08:25+00:00,"@janbear105 @Diane05363872 @Tim_Bousquet I'm sorry to hear that, when I lost my cat Nutmeg this helped me alot maybe it can help you too https://t.co/4Jk04rvL6l",0.0258
304,2021-05-27 23:08:25+00:00,"RT @R0X4R: Automate SSRF attacks(more details in threads):

cat params.txt | qsreplace ""http://169.254.169.254/latest/meta-data/hostname"" |â€¦",0.0
305,2021-05-27 23:08:25+00:00,RT @VindolandaTrust: Ancient Roman tile complete with dog paw print uncovered today at Vindolanda! ğŸ¾ https://t.co/fnbJVFZQXg,0.0
306,2021-05-27 23:08:25+00:00,Doja Catâ€™s music videos have done a lot for me personally but this look specifically was a win for lesbians everywhere https://t.co/gERhK2zXr9,0.7351
307,2021-05-27 23:08:25+00:00,HES SITTING IN THR CAT CHAIR https://t.co/wuoRPdNkhx,0.0
308,2021-05-27 23:08:26+00:00,"RT @_bwithyong: (à¸£à¸§à¸¡à¸™à¸´à¸¢à¸²à¸¢à¸ˆà¸²à¸ berrybubu) ğŸ¤

- à¹„à¸¡à¹ˆà¸Šà¸­à¸šà¸à¸µà¸Š : à¹à¸ˆà¸¢à¸‡
- à¸à¹‡à¸¡à¸²à¸”à¸´à¸„à¸° : à¹à¸ˆà¸¢à¸‡
- on a rainy day : à¹à¸ˆà¸¢à¸‡
- mad dog : à¹à¸ˆà¸¢à¸‡ https://t.co/7Blb6â€¦",-0.5423
309,2021-05-27 23:08:26+00:00,Nikki shits on all them https://t.co/1eGNz4upZc,-0.4767
310,2021-05-27 23:08:26+00:00,RT @AmandaSmokeyIs1: @TheCatMalice @Robin2020Rockin @GeneralCattis @LittleMaineCoon @Cleo_sMommy @JusticeToAll @MaineCoonCatsOH @yongmaylinâ€¦,0.0
311,2021-05-27 23:08:27+00:00,RT @adnradiochile: VIDEO | El reencuentro de â€œFriendsâ€: Lisa Kudrow y Lady Gaga se unieron para cantar â€œSmelly Catâ€ https://t.co/QvqiBaAtHiâ€¦,0.0
312,2021-05-27 23:08:27+00:00,RT @HeavenSentMel: Was literally looking for my cat in all his sleeping areas and found him in his new backpack knocked out https://t.co/Y8â€¦,0.0
313,2021-05-27 23:08:27+00:00,no one said anything https://t.co/9gRbBvqDsR,-0.296
314,2021-05-27 23:08:28+00:00,"RT @bijutsu1: æ™‚ã‚’ã‹ã‘ã‚‹çŒ« 545 ""Cat Who Leapt Through Time""(20190528)

ã€é¢¨é™¤å®¤ğŸˆâ€â¬›windbreak room ã€ã¡ã‚‡ã†ã© 2å¹´å‰ğŸ¨ã“ã“ã‹ã‚‰å…ˆãŒé¤¨å†…ã¨ãªã‚Šã¾ã™ãƒ‹ãƒ£ã€‚#å°¾é“ #å°¾é“å¸‚ç«‹ç¾è¡“é¤¨ #åƒå…‰å¯ºå…¬åœ’ #cat hâ€¦",0.0
315,2021-05-27 23:08:29+00:00,RT @floppycats: Different Types of Ragdoll Cats &amp; Fur https://t.co/btcSuPVa7h https://t.co/ggmU7ODcdk,0.0
316,2021-05-27 23:08:29+00:00,RT @HeavenSentMel: Was literally looking for my cat in all his sleeping areas and found him in his new backpack knocked out https://t.co/Y8â€¦,0.0
317,2021-05-27 23:08:29+00:00,"0007 Hrs GMT Friday
28 May 2021
Khoodeelaar! Action ADDING:
Contextually also not forgetting the ""literature""
that was enhanced by John Betjemen!
1:2 https://t.co/NN2DzkXj7q",0.0
318,2021-05-27 23:08:30+00:00,RT @denaseey: Cat guy but little different https://t.co/KQkuxpLRFw,0.0
319,2021-05-27 23:08:30+00:00,RT @lo_lifer: I sent my mom this photo of my yard not realizing the tiny Adirondack chair I got for my cat was in the frame and she thoughtâ€¦,0.0
320,2021-05-27 23:08:31+00:00,RT @jaboukie: responded to a work message while i was playing with my dog and the voice text kept going https://t.co/lt1nwD6sHa,0.2023
321,2021-05-27 23:08:32+00:00,RT @floppycats: Cat Poop &amp; Diarrhea Stuck To Fur? Prevent Cat Poop Stuck on Fur https://t.co/5eFGLRjtxw https://t.co/kOtk6RFkd4,-0.4404
322,2021-05-27 23:08:32+00:00,"Here y'all go @OriginalFunko , staying in my damn pockets again ğŸ˜­ https://t.co/vMnkOJr6g1",-0.7003
323,2021-05-27 23:08:33+00:00,"RT @MissingPetsGB: ğŸ• #urgent MILLY MAE is #missing from #Headley #KT16 #Surrey since 27/5/21
Rainbow lead attached ğŸ˜¯
She is chipped &amp; spayeâ€¦",-0.1027
324,2021-05-27 23:08:33+00:00,A LADY GAGA E A LISA CANTANDO SMELLY CAT FOI AQUI QUE EU MORRI https://t.co/HA4HsHGMib,0.0
325,2021-05-27 23:08:33+00:00,"RT @VagabondTabby: I feel like I'm being discouraged from getting any actual work done.

#Loiosh #cat #cats #catstagram #catsofinstagram #câ€¦",-0.0516
326,2021-05-27 23:08:34+00:00,RT @heartzcore: cat paws cat paws cat paws https://t.co/MFCJSigWIj,0.0
327,2021-05-27 23:08:35+00:00,"RT @MaryPridgen6: Never try to out stubborn a cat.

ÙƒÙ€Ø¤Ø¯ Ø®Ù“Ù€ÙÙ“ØµÙ°Ù“Ù… ÙƒØ§Ø±ÙÙˆØ± Ø³ØªØ§ÙŠÙ„ÙŠ ÙÙˆØºØ§ÙƒÙ„ÙˆØ³ÙŠØª ÙÙˆØ¬Ø§ ÙƒØ¤Ø¨Ø¤Ù†
143443620197 https://t.co/G5s67nZek2",-0.4019
328,2021-05-27 23:08:35+00:00,"RT @xyxs2x: ğŸ’  The Tiffany Cafe @ Cat Street ğŸ’ 
ãƒ¬ãƒ¢ãƒãƒ¼ãƒ‰ãŒã¨ã£ã¦ã‚‚çˆ½ã‚„ã‹ã§ç¾å‘³ã—ã‹ã£ãŸğŸğŸ‹ğŸ’ ğ“‚ƒâ—Œğ“ˆ’ğ“
ã‚­ãƒ£ãƒƒãƒˆã‚¹ãƒˆãƒªãƒ¼ãƒˆé™å®šã®ãƒã‚°â˜•
å¯æ„›ã‹ã£ãŸã‹ã‚‰ä»Šåº¦ãŠã­ã ã‚Šã—ã¦ã¿ã‚ˆã†ã‹ãª ğŸ’— ê’°â‘…á¢âˆ©à¼âˆ©á¢â‘…ê’± ğŸ’—
#TiffanyCafe #â€¦",0.9517
329,2021-05-27 23:08:36+00:00,RT @seththo44: I got a new dog guys https://t.co/PDBSbvJ4oO,0.0
330,2021-05-27 23:08:36+00:00,RT @jaboukie: responded to a work message while i was playing with my dog and the voice text kept going https://t.co/lt1nwD6sHa,0.2023
331,2021-05-27 23:08:36+00:00,RT @musicnewsfactpl: Doja Cat podczas #iHeartAwards https://t.co/6MSwe3yC4c,0.0
332,2021-05-27 23:08:37+00:00,Doja Cat looks incredible #iHeartAwards2021 #iHeartAwards https://t.co/qQn1M8wNyy,0.0
333,2021-05-27 23:08:37+00:00,RT @DojaCatAccess: Doja Cat arriving at the iHeart Radio Awards red carpet. â¤ï¸ https://t.co/DTjCIybq4V,0.4588
334,2021-05-27 23:08:37+00:00,RT @lobsterlover: the alcohol molecule is a fucked up little dog https://t.co/auZkdef2yE,-0.6597
335,2021-05-27 23:08:38+00:00,"//cat
.
.
.
.
Say h1 to my bfz cat

Tell h1m hello https://t.co/iCFPtwFte1",0.0
336,2021-05-27 23:08:38+00:00,"RT @AudreyStJames1: ""This cat looks more like Ron Perlman than Ron Perlman""ğŸ˜‚ğŸ˜‚ğŸ˜‚ https://t.co/RDTUunB7jN",0.8883
337,2021-05-27 23:08:38+00:00,"RT @NinaFerrari14: #QuintadasCamGatas com o meu Cat @camgatasbrasil1 â¤ï¸

Ela Ã© tÃ£o gata e sexy, vocÃªs concordam?!

@leitinhotodoseu @divullâ€¦",0.5707
338,2021-05-27 23:08:39+00:00,RT @Moxie2Runway: #nyc lost dog #mason #eastharlem PLEASE RETWEET social media works! ğŸ™ŒğŸ½ğŸ‘ğŸ½ https://t.co/RiESmvxjqs,0.2558
339,2021-05-27 23:08:39+00:00,"RT @TrashToonZ: I'm Trying to decide on a gate keeper design for an idea I had. Problem is I like all of em, figured a two  poll would helpâ€¦",-0.0516
340,2021-05-27 23:08:39+00:00,"RT @LORDSirMeow: Defi summer Vol 1

Doja Cat ft Tyga - $Pussy

@DojaCat @Tyga https://t.co/ixgFYKO2q7",0.0
341,2021-05-27 23:08:40+00:00,"RT @CAT_YonoReal: ãŠã¯ã‚Šã‚ãƒ¼ï¼

æœ¬æ—¥22æ™‚ã‹ã‚‰( @CAT_shinokuyuru )ã¨
é›€é­‚è¦–è´è€…å‚åŠ å‹é…ä¿¡ã™ã‚‹ã‚ˆã€œï¼

çŒ›è€…ãŸã¡ãŒé›†ã¾ã‚Šãã†ãªäºˆæ„Ÿâ€¦
é£›ã°ã•ã‚Œãªã„ã‚ˆã†ã«é ‘å¼µã‚‰ãªãã‚ƒâ€¦

â†“â†“â†“å¾…æ©Ÿå ´â†“â†“â†“
https://t.co/koq92gR7u9â€¦",0.0
342,2021-05-27 23:08:39+00:00,commission for the amazing @EmpressJess1ca of her cat form! so cute! https://t.co/oFQQKvkT4M,0.85
343,2021-05-27 23:08:40+00:00,RT @SwiftOnSecurity: When your dog defaults to 320x240 resolution https://t.co/90QNdYI0Mz,0.0
344,2021-05-27 23:08:40+00:00,RT @denaseey: Cat guy but little different https://t.co/KQkuxpLRFw,0.0
345,2021-05-27 23:08:42+00:00,RT @HeavenSentMel: Was literally looking for my cat in all his sleeping areas and found him in his new backpack knocked out https://t.co/Y8â€¦,0.0
346,2021-05-27 23:08:42+00:00,"RT @ehlbee: [Lana del Rey voice] Would you still love me if I was a man-faced dog, from Berserk? https://t.co/WDIoquGv7I",0.6369
347,2021-05-27 23:08:42+00:00,I donâ€™t know why i do this to myself https://t.co/5MdPfklw5V https://t.co/NBGamL3nen,0.0
348,2021-05-27 23:08:43+00:00,RT @adnradiochile: VIDEO | El reencuentro de â€œFriendsâ€: Lisa Kudrow y Lady Gaga se unieron para cantar â€œSmelly Catâ€ https://t.co/QvqiBaAtHiâ€¦,0.0
349,2021-05-27 23:08:43+00:00,"RT @for_pittys: #Texas near Corpus ...Nueces  is by APPOINTMENT ONLY... ""no one can just go in and get a dog"" they informed me. He has a skâ€¦",0.0
350,2021-05-27 23:08:44+00:00,RT @HeavenSentMel: Was literally looking for my cat in all his sleeping areas and found him in his new backpack knocked out https://t.co/Y8â€¦,0.0
351,2021-05-27 23:08:44+00:00,"RT @AdoptionsUk: Please retweet to help Binx find a home #Edinburgh #Scotland ğŸ´ó §ó ¢ó ³ó £ó ´ó ¿
Aged 8, this poor boy has been overlooked, he enjoysâ€¦",0.0708
352,2021-05-27 23:08:44+00:00,"RT @catsfootprint: This picture looks like my granddad is telling our foster kitten a story

Via: Orthur-Dorgan

#cats #cat #catlover #catlâ€¦",0.3612
353,2021-05-27 23:08:45+00:00,RT @catsofinstagram: From @whiskersnpurrs: â€œHereâ€™s a flashback of my favourite nose freckle. Zuriel was adopted by a single guy with one otâ€¦,0.0
354,2021-05-27 23:08:46+00:00,"RT @uni666666: æ¯æœä»•äº‹è¡ŒããŸã‚ã«ã“ã®æ‰‹ã‚’æŒ¯ã‚Šã»ã©ã„ã¦èµ·ããªãã‚ƒã„ã‘ãªã„ã®ã€ä¸€ç¨®ã®æ‹·å•ã ã¨æ€ã†ã€‚
#cat #ã­ã“ #çŒ« #é»’çŒ« #blackcat #çŒ«å¥½ãã•ã‚“ã¨ç¹‹ãŒã‚ŠãŸã„ #çŒ«ã®ã„ã‚‹æš®ã‚‰ã— https://t.co/sS27imQApI",0.0
355,2021-05-27 23:08:46+00:00,RT @heartzcore: cat paws cat paws cat paws https://t.co/MFCJSigWIj,0.0
356,2021-05-27 23:08:46+00:00,RT @EnzoKenzo10: Beautiful dog family https://t.co/DgfIr0nAbb,0.5994
357,2021-05-27 23:08:47+00:00,RT @syedaaliff: rt if you cat lover ğŸ¥º https://t.co/uPhsFIDKVL,0.5859
358,2021-05-27 23:08:47+00:00,"@Bz_cvs_Cat_2011 ã”å¿œå‹Ÿã‚ã‚ŠãŒã¨ã†ã”ã–ã„ã¾ã™â—
æ®‹å¿µã§ã™ãŒã€ã¯ãšã‚Œã§ã™ğŸ˜µ
5/31(æœˆ)ã¾ã§æ¯æ—¥å¿œå‹Ÿå¯èƒ½ 
æ˜¯éã¾ãŸæ˜æ—¥ã‚‚æŒ‘æˆ¦ã—ã¦ãã ã•ã„ã­â€¼ï¸
ã‚­ãƒ£ãƒ³ãƒšãƒ¼ãƒ³ã‚µã‚¤ãƒˆâ‡’https://t.co/WTNG3lCqt5 https://t.co/N9cuMsoukU",-0.2263
359,2021-05-27 23:08:48+00:00,RT @SwiftOnSecurity: When your dog defaults to 320x240 resolution https://t.co/90QNdYI0Mz,0.0
360,2021-05-27 23:08:48+00:00,RT @catsofinstagram: From @whiskersnpurrs: â€œHereâ€™s a flashback of my favourite nose freckle. Zuriel was adopted by a single guy with one otâ€¦,0.0
361,2021-05-27 23:08:48+00:00,RT @VindolandaTrust: Ancient Roman tile complete with dog paw print uncovered today at Vindolanda! ğŸ¾ https://t.co/fnbJVFZQXg,0.0
362,2021-05-27 23:08:48+00:00,RT @iconickpoppet: 8. SF9 Zuho's cat : Huru https://t.co/lCAtpm8Vkm,0.0
363,2021-05-27 23:08:48+00:00,"RT @Nong_paya: @Malw_cat @peckpalit à¸¡à¸­à¸£à¹Œà¸™à¸´à¹ˆà¸‡à¸„à¹ˆà¸°à¸™à¸¸à¸Šà¹à¸„à¸— à¸ªà¸¸à¸‚à¸ªà¸”à¹ƒà¸ªà¸ˆà¸´à¸•à¹ƒà¸ˆà¹€à¸šà¸´à¸à¸šà¸²à¸™à¸™à¸°à¸„à¸° ğŸ’™ğŸ¤—ğŸ˜ğŸ¦‹
#à¸­à¸¢à¸²à¸à¹€à¸ˆà¸­à¸£à¸­à¸¢à¸¢à¸´à¹‰à¸¡à¸‚à¸­à¸‡à¹€à¸˜à¸­
#à¸¡à¸­à¸£à¹Œà¸™à¸´à¹ˆà¸‡702 
#à¹€à¸›à¹Šà¸à¸œà¸¥à¸´à¸•à¹‚à¸Šà¸„ 
#PeckPâ€¦",0.875
364,2021-05-27 23:08:49+00:00,"RT @kittycatgifts: ğŸ± Check Meowt! ğŸˆ ğŸ’–

ğŸ Cat Themed Gifts for Cat Lovers ğŸ˜» 

ğŸ’– Supporting Charity ğŸ’– 

#cat #cats #catsofinstagram #gifts #sâ€¦",0.9867
365,2021-05-27 23:08:49+00:00,"@TP5F5fm9HQ74G1X @kudake_cat @minoji_ipb_dqx @dqx_asasuke æ··æ²Œã¨æ··æ²Œã®é–“ã§æœ¬å½“ã®
æ„Ÿæƒ…ã¯ã‚³ãƒ³ãƒˆãƒ­ãƒ¼ãƒ«ä¸èƒ½ãªã‚ˆã†ã 
ã€Œä¾ å®¢æ–¯ãã‚ã‚‹ã¹ã—ã€ãªã‚“ã¦
å£ã§è¨€ã†ã»ã©ç°¡å˜ã˜ã‚ƒã­ãˆã‚ˆ https://t.co/jJcpnQ2dmX",0.0
366,2021-05-27 23:08:49+00:00,RT @jaboukie: responded to a work message while i was playing with my dog and the voice text kept going https://t.co/lt1nwD6sHa,0.2023
367,2021-05-27 23:08:49+00:00,RT @eggtempest: franziska von karma adopts a cat #aceattorney https://t.co/HlUUycJpqI,0.1779
368,2021-05-27 23:08:50+00:00,"As it will be in the future, it was at the birth of Manâ€”
There are only four things certain since Social Progress began:â€”
That the Dog returns to his Vomit and the Sow returns to her Mire,
And the burnt Fool's bandaged finger goes wabbling back to the Fire https://t.co/QxDbGGn2YB",0.3612
369,2021-05-27 23:08:50+00:00,"RT @iconickpredebut: 339. Predebut Jake from ENHYPEN with his lovely, dog Layla. https://t.co/m5mM9SVo4S",0.5859
370,2021-05-27 23:08:51+00:00,RT @syedaaliff: rt if you cat lover ğŸ¥º https://t.co/uPhsFIDKVL,0.5859
371,2021-05-27 23:08:51+00:00,"RT @BiggerKitty: Ok, so apparently milf is trending, so Imma post something a little extra m i l f y compared to the usual

Say hello to Jaâ€¦",0.4588
372,2021-05-27 23:08:51+00:00,@BIBBLErblx say hi to my cat too: https://t.co/rX4HLQiwAv,0.0
373,2021-05-27 23:08:52+00:00,RT @mlleinprada: doja cat in issey miyake fw21 rtw https://t.co/MqQeEcjFRQ,0.0
374,2021-05-27 23:08:52+00:00,"RT @LORDSirMeow: Defi summer Vol 1

Doja Cat ft Tyga - $Pussy

@DojaCat @Tyga https://t.co/ixgFYKO2q7",0.0
375,2021-05-27 23:08:52+00:00,My cat using my book as a pillow https://t.co/12o1ICU33E,0.0
376,2021-05-27 23:08:53+00:00,"çœ ãƒ¼ãƒ¼ãƒ¼ã„ï¼
i'm sleepy !
#çŒ« #ã­ã“ #cat #çŒ«ã®ã„ã‚ã¯
https://t.co/VPtnkC44Jx",0.0
377,2021-05-27 23:08:54+00:00,RT @doolsetbangtan: cat: again? https://t.co/XwIhAPlSOm,0.0
378,2021-05-27 23:08:54+00:00,"RT @puripurisaran: å®¶æ—å†™çœŸã‚’æ’®ã‚ŠãŸã„ã®ã§ã™ãŒãªã‹ãªã‹ä¸Šæ‰‹ãè¡Œã‹ãšï½¥ï½¥ï½¥ğŸ¤”ğŸ’­

#çŒ«å¥½ãã•ã‚“ã¨ç¹‹ãŒã‚ŠãŸã„  #çŒ«ã®ã„ã‚‹æš®ã‚‰ã— #å¯æ„›ã„çŒ« #ã‚¹ã‚³ãƒ†ã‚£ãƒƒã‚·ãƒ¥ãƒ•ã‚©ãƒ¼ãƒ«ãƒ‰ #cat #çŒ«å¥½ã #ãƒšãƒ«ã‚·ãƒ£çŒ« #ãƒãƒ³ãƒãƒ©ã‚·ãƒ«ãƒãƒ¼ã®ä¼š  #å­çŒ« #ê³ ì–‘ì´ #catstagâ€¦",0.0
379,2021-05-27 23:08:54+00:00,HI Iâ€™M IN LOVE https://t.co/zQhAJDYdj4,0.7125
380,2021-05-27 23:08:54+00:00,RT @mooselabs_: DYK: the average cannabis pipe has over 1300% more bacteria than the average dog food bowl?! WOOFğŸ¶ ğŸ‘‰ https://t.co/LDQACX55hâ€¦,0.0
381,2021-05-27 23:08:55+00:00,in brandon maxwell i know thatâ€™s fucking right!!! one of her best looks https://t.co/RUVEk5MAsJ,0.7249
382,2021-05-27 23:08:55+00:00,RT @AsstonKusheR: dog iâ€™m tryna grab my laundry but proooooooceed i love atlanta https://t.co/58pBugG2e6,0.7783
383,2021-05-27 23:08:56+00:00,RT @qpretaxx: Carinha de princesa pulmÃ£o de snoop dog..ğŸ’š https://t.co/MWfc2VFrUN,0.6369
384,2021-05-27 23:08:56+00:00,RT @heartzcore: cat paws cat paws cat paws https://t.co/MFCJSigWIj,0.0
385,2021-05-27 23:08:56+00:00,"RT @AudreyStJames1: ""This cat looks more like Ron Perlman than Ron Perlman""ğŸ˜‚ğŸ˜‚ğŸ˜‚ https://t.co/RDTUunB7jN",0.8883
386,2021-05-27 23:08:57+00:00,How much for the condom? https://t.co/dj007BwsSv,0.0
387,2021-05-27 23:08:57+00:00,RT @HeavenSentMel: Was literally looking for my cat in all his sleeping areas and found him in his new backpack knocked out https://t.co/Y8â€¦,0.0
388,2021-05-27 23:08:58+00:00,ğŸ˜‚ https://t.co/wdgQmevWd3,0.4404
389,2021-05-27 23:08:58+00:00,RT @aoisaka77: feeding cat sharkğŸ’œğŸ’™ https://t.co/kWyytp1myX,0.8555
390,2021-05-27 23:08:59+00:00,"RT @Paws2RescueUK: Another beautiful abandoned dog rescued today. Chained to a public fence, no microchip, full of ticks and  now safe in oâ€¦",0.6597
391,2021-05-27 23:08:59+00:00,"Doja Cat en la alfombra roja de los #iHeartAwards 

ğŸ“· Getty Images 

#iHeartAwards2021 https://t.co/epbw3bfmQF",0.0
392,2021-05-27 23:08:59+00:00,Doja Cat serving at the #iHeartAwards2021 red carpet. âœ¨ https://t.co/H5VdGoR6LR,0.3182
393,2021-05-27 23:08:59+00:00,RT @lo_lifer: I sent my mom this photo of my yard not realizing the tiny Adirondack chair I got for my cat was in the frame and she thoughtâ€¦,0.0
394,2021-05-27 23:09:00+00:00,"RT @AdoptionsUk: Please retweet to help Lil Max find a home #Aberdeenshire #Scotland ğŸ´ó §ó ¢ó ³ó £ó ´ó ¿
Jack Russell aged 10, could live with an olderâ€¦",0.6124
395,2021-05-27 23:09:00+00:00,For a moment i thought i had three dogs! ğŸ˜‚ @dog_rates @Dogsoftwiter @MacKillopS @rodberesford70 @TMatijevich https://t.co/i4EkhB8JS8,0.4926
396,2021-05-27 23:09:00+00:00,RT @SwiftOnSecurity: When your dog defaults to 320x240 resolution https://t.co/90QNdYI0Mz,0.0
397,2021-05-27 23:09:01+00:00,RT @AsstonKusheR: dog iâ€™m tryna grab my laundry but proooooooceed i love atlanta https://t.co/58pBugG2e6,0.7783
398,2021-05-27 23:09:01+00:00,Doja THEE Moment Cat https://t.co/D5x9Ea3Y9c,0.0
399,2021-05-27 23:09:02+00:00,RT @heartzcore: cat paws cat paws cat paws https://t.co/MFCJSigWIj,0.0
400,2021-05-27 23:09:03+00:00,RT @AsstonKusheR: dog iâ€™m tryna grab my laundry but proooooooceed i love atlanta https://t.co/58pBugG2e6,0.7783
401,2021-05-27 23:09:03+00:00,"@maigo_dog_ å ´æ‰€ã¯ä¼šç¤¾æ•·åœ°å†…ã«ãªã‚Šã¾ã™ã€‚
ã¾ã é€£çµ¡ã¯ã—ã¦ãŠã‚Šã¾ã›ã‚“ğŸ˜… https://t.co/poP1EdGKaT",0.3612
402,2021-05-27 23:09:03+00:00,RT @AmandaSmokeyIs1: @Robin2020Rockin @TheCatMalice @GeneralCattis @LittleMaineCoon @Cleo_sMommy @JusticeToAll @MaineCoonCatsOH @yongmaylinâ€¦,0.0
403,2021-05-27 23:09:04+00:00,RT @DojaCatAccess: Doja Cat arriving at the iHeart Radio Awards red carpet. â¤ï¸ https://t.co/DTjCIybq4V,0.4588
404,2021-05-27 23:09:04+00:00,RT @denaseey: Cat guy but little different https://t.co/KQkuxpLRFw,0.0
405,2021-05-27 23:09:04+00:00,RT @HeavenSentMel: Was literally looking for my cat in all his sleeping areas and found him in his new backpack knocked out https://t.co/Y8â€¦,0.0
406,2021-05-27 23:09:04+00:00,RT @AsstonKusheR: dog iâ€™m tryna grab my laundry but proooooooceed i love atlanta https://t.co/58pBugG2e6,0.7783
407,2021-05-27 23:09:04+00:00,RT @AsstonKusheR: dog iâ€™m tryna grab my laundry but proooooooceed i love atlanta https://t.co/58pBugG2e6,0.7783
408,2021-05-27 23:09:05+00:00,"@janiolindops @Andcyber @DracoFenelon  

#Doge #Shibainu #Shiba #Safemoon 
#Airdrop #Meme #cute #dog #HUKKU https://t.co/iBwvRQydUH",0.4588
409,2021-05-27 23:09:05+00:00,littol kitty cat https://t.co/jwh6gs2pMs,0.0
410,2021-05-27 23:09:05+00:00,RT @DojaCatAccess: Doja Cat serving at the #iHeartAwards2021 red carpet. âœ¨ https://t.co/H5VdGoR6LR,0.3182
411,2021-05-27 23:09:05+00:00,"RT @DoodleForFood: Thanks for reading! If you'd like some cute DnD dog merch, check out the Good Boye Guild Kickstarter:
https://t.co/zR9u8â€¦",0.8908
412,2021-05-27 23:09:06+00:00,RT @DojaCatAccess: Doja Cat serving at the #iHeartAwards2021 red carpet. âœ¨ https://t.co/H5VdGoR6LR,0.3182
413,2021-05-27 23:09:06+00:00,Momma lost weight &amp; she still looks sooo amazing https://t.co/Gg7QeLnQqd,0.3612
414,2021-05-27 23:09:07+00:00,RT @Munkeesgomu: The two states of punch cat https://t.co/ezh71uU50F,0.0
415,2021-05-27 23:09:07+00:00,RT @zangerdanger: commission for the amazing @EmpressJess1ca of her cat form! so cute! https://t.co/oFQQKvkT4M,0.85
416,2021-05-27 23:09:07+00:00,"RT @catsfootprint: This picture looks like my granddad is telling our foster kitten a story

Via: Orthur-Dorgan

#cats #cat #catlover #catlâ€¦",0.3612
417,2021-05-27 23:09:08+00:00,RT @BeetleBMD: @harryMAS20 @KBeanbag @CatAutumn2 @ShadowLakeDog @2020Georgee @TwigletCollie @Beata_Azlan @scoobthedog @clancythegolden @Briâ€¦,0.0
418,2021-05-27 23:09:08+00:00,CAT scan ğŸ˜­ğŸ˜­ https://t.co/1bQJYfDTcF,-0.7351
419,2021-05-27 23:09:08+00:00,RT @heartzcore: cat paws cat paws cat paws https://t.co/MFCJSigWIj,0.0
420,2021-05-27 23:09:08+00:00,"RT @gonnosukedesu: æœ¬æ—¥ã®çŒ«ã•ã‚“ã€‚ã™ã¾ã—é¡”ã€‚
#çŒ«ã€€#ã­ã“ã€€#ãƒã‚³ã€€#cat https://t.co/PWb259Dn6q",0.0
421,2021-05-27 23:09:08+00:00,RT @AsstonKusheR: dog iâ€™m tryna grab my laundry but proooooooceed i love atlanta https://t.co/58pBugG2e6,0.7783
422,2021-05-27 23:09:08+00:00,"RT @chris_notcapn: Central Park â€œKarenâ€ Amy Cooper is suing her former employer, accusing them of discriminating against her because she isâ€¦",-0.4215
423,2021-05-27 23:09:09+00:00,@tomufn_ @CLSTggs This is my dog btw https://t.co/sp5NXBZHML,0.0
424,2021-05-27 23:09:09+00:00,"RT @KabosuOfficial: Itâ€™s not what the dog can do for you, itâ€™s what you can do for the dog ğŸ• ğŸ§¡ https://t.co/Jl7IAwD14x",0.6369
425,2021-05-27 23:09:10+00:00,RT @iconickpoppet: 9. A.C.E Jun's dog : Lion ğŸ¦ https://t.co/nIdfYbQe7h,0.0
426,2021-05-27 23:09:10+00:00,Tfw: you are small https://t.co/KbzSxEUKW4,0.0
427,2021-05-27 23:09:10+00:00,RT @HeavenSentMel: Was literally looking for my cat in all his sleeping areas and found him in his new backpack knocked out https://t.co/Y8â€¦,0.0
428,2021-05-27 23:09:10+00:00,"RT @filosofofinha: CACHORRINHA ABANDONADA  EM NILOPOLIS NA ESTAÃ‡ÃƒO DE TREM!!! 
ENCONTREI ESSA CACHORRINHA HJ, ELA FOI ABANDONADA EM UM BAR,â€¦",0.0
429,2021-05-27 23:09:10+00:00,RT @AsstonKusheR: dog iâ€™m tryna grab my laundry but proooooooceed i love atlanta https://t.co/58pBugG2e6,0.7783
430,2021-05-27 23:09:11+00:00,"RT @STELLA_700: Anyone nearby Keramat Mall area, please go behind Keramat Mall there is a cat cage with few strays there. Some were sick anâ€¦",-0.25
431,2021-05-27 23:09:11+00:00,RT @beyondreasdoubt: This cat is so mad at me for taking its photo. https://t.co/Six8VX8ZJc,-0.6269
432,2021-05-27 23:09:12+00:00,"RT @Sefirot15: Context: ThereÂ´s a strange leyend on mexico where the lights went up during a patrimonial Festival in Jalisco, in that momenâ€¦",0.34
433,2021-05-27 23:09:11+00:00,This customised @Jackie_10_ Funko figurine that @Dvdonkster gifted to me for my birthday ğŸ”¥ğŸ”¥ğŸ”¥ (with a cameo from my cat) https://t.co/FhozFib7dY,-0.7351
434,2021-05-27 23:09:12+00:00,RT @DojaCatAccess: Doja Cat serving at the #iHeartAwards2021 red carpet. âœ¨ https://t.co/H5VdGoR6LR,0.3182
435,2021-05-27 23:09:12+00:00,"RT @LORDSirMeow: Defi summer Vol 1

Doja Cat ft Tyga - $Pussy

@DojaCat @Tyga https://t.co/ixgFYKO2q7",0.0
436,2021-05-27 23:09:12+00:00,"RT @STELLA_700: Anyone nearby Keramat Mall area, please go behind Keramat Mall there is a cat cage with few strays there. Some were sick anâ€¦",-0.25
437,2021-05-27 23:09:13+00:00,RT @syedaaliff: rt if you cat lover ğŸ¥º https://t.co/uPhsFIDKVL,0.5859
438,2021-05-27 23:09:13+00:00,RT @jaboukie: responded to a work message while i was playing with my dog and the voice text kept going https://t.co/lt1nwD6sHa,0.2023
439,2021-05-27 23:09:13+00:00,RT @TraceTrace04: Just watched @CoolCatlovesyou in the short film â€˜Cool Cat Fights Coronavirusâ€™ with @ZakDJ_Vevo and it might just be one oâ€¦,-0.4019
440,2021-05-27 23:09:13+00:00,"RT @Rin42271446: ã¾ã å¸°ã‚‰ãªã„ã®ã‰ã€œğŸ¥º

çš†ã•ã‚“ã€
ä»Šæ—¥ã‚‚ãŠç–²ã‚Œæ§˜ã§ã—ãŸâ¤ï¸

#çŠ¬ #dog #ã‚¤ãƒƒãƒŒ 
#ã‚·ãƒ¼ã‚ºãƒ¼ã€€#shihtzu 
#ã‚·ãƒ¼ã‚ºãƒ¼å¤§å¥½ãéƒ¨ 
#shihtzulovers
#ãµã‚ã‚‚ã“éƒ¨
#ã„ã¬ã°ã‹éƒ¨
#ã„ã¬ã®ã„ã‚‹æš®ã‚‰ã—
#dogofthedaâ€¦",0.0
441,2021-05-27 23:09:14+00:00,sheâ€™s getting to the bag ğŸ˜« https://t.co/GqR8toqza5,-0.4404
442,2021-05-27 23:09:15+00:00,RT @SpotTheLoon2010: I've decided to subtitle pictures of my cat so people know what he's thinking.  ğŸ¤£ğŸ¤£ğŸ¤£ https://t.co/1vElT2RUrv,0.8625
443,2021-05-27 23:09:15+00:00,RT @ClydeHusky: There are certain people in certain things in life that make a difference &amp; leave a lasting impact. Animals are a gift.. unâ€¦,0.7096
444,2021-05-27 23:09:15+00:00,RT @chimnycricket: the lovely devils from @busantwosomeâ€™s Devil Dog bc hybrid JK is an entire brat and I couldnâ€™t NOT draw him ğŸ¤ https://t.â€¦,-0.3954
445,2021-05-27 23:09:15+00:00,RT @jaboukie: responded to a work message while i was playing with my dog and the voice text kept going https://t.co/lt1nwD6sHa,0.2023
446,2021-05-27 23:09:16+00:00,"RT @HoundsInPounds: NY/NJ: Awesome little dog! Meet Miley!â¤ï¸ğŸ¶

Miley is around 8 years old and weighs 8 lbs. Foster mommy says she is an anâ€¦",0.6892
447,2021-05-27 23:09:16+00:00,RT @SpotTheLoon2010: I've decided to subtitle pictures of my cat so people know what he's thinking.  ğŸ¤£ğŸ¤£ğŸ¤£ https://t.co/1vElT2RUrv,0.8625
448,2021-05-27 23:09:16+00:00,RT @DojaCatAccess: Doja Cat serving at the #iHeartAwards2021 red carpet. âœ¨ https://t.co/H5VdGoR6LR,0.3182
449,2021-05-27 23:09:16+00:00,RT @jaboukie: responded to a work message while i was playing with my dog and the voice text kept going https://t.co/lt1nwD6sHa,0.2023
450,2021-05-27 23:09:16+00:00,yes maâ€™am. https://t.co/hHZ61Q4x5k,0.4019
451,2021-05-27 23:09:17+00:00,RT @DojaCatAccess: Doja Cat serving at the #iHeartAwards2021 red carpet. âœ¨ https://t.co/H5VdGoR6LR,0.3182
452,2021-05-27 23:09:17+00:00,RT @HeavenSentMel: Was literally looking for my cat in all his sleeping areas and found him in his new backpack knocked out https://t.co/Y8â€¦,0.0
453,2021-05-27 23:09:17+00:00,"RT @naclcats4: è¶³ä¸‹ã«ã‚¢ã‚¶ãƒ©ã‚·è½ã¡ã¦ãŸã€‚

#çŒ«ã®ã„ã‚‹æš®ã‚‰ã— #çŒ« #cat #ã‚¹ã‚³ãƒ†ã‚£ãƒƒã‚·ãƒ¥ãƒ•ã‚©ãƒ¼ãƒ«ãƒ‰ #catsofinstagram #CatsOfTwitter https://t.co/smAA9PuVtq",0.0
454,2021-05-27 23:09:18+00:00,RT @ajdrawss: If you've received a Curious Cat with my name it's just someone who has been stalking me trying to harrass me further by makiâ€¦,0.3182
455,2021-05-27 23:09:18+00:00,RT @DojaCatAccess: Doja Cat serving at the #iHeartAwards2021 red carpet. âœ¨ https://t.co/H5VdGoR6LR,0.3182
456,2021-05-27 23:09:19+00:00,RT @gatitos_qctd: cat.exe https://t.co/upz44s15bR,0.0
457,2021-05-27 23:09:19+00:00,"RT @bijutsu1: æ™‚ã‚’ã‹ã‘ã‚‹çŒ« 544 ""Cat Who Leapt Through Time""(20170528)

ã€KenğŸˆâ€â¬› ğŸˆGo ã€ã»ã¼ 4å¹´å‰ğŸ¨ã‚±ãƒ³ã¡ã‚ƒã‚“å®¶è¿‘ãã¾ã§ã€ã‚ãšã‚‰ã—ãã‚´ãƒƒã¡ã‚ƒã‚“ãŒã€‚ã€‚#å°¾é“ #å°¾é“å¸‚ç«‹ç¾è¡“é¤¨ #åƒå…‰å¯ºå…¬åœ’ #cat httpsâ€¦",0.0
458,2021-05-27 23:09:19+00:00,"ã™ã”ã„æ‚ªã„é¡”ã—ã¦ã‚¦ã‚£ãƒ³ã‚¯ã—ã¦ããŸç¬‘

#çŒ« #cat #ãƒãƒ«ã‚¦ã‚§ãƒ¼ã‚¸ãƒ£ãƒ³ãƒ•ã‚©ãƒ¬ã‚¹ãƒˆã‚­ãƒ£ãƒƒãƒˆ #Norwegianforestcat  #æ‚ªã„ç”· 
#ç™’ã— https://t.co/hgtXHh5xXH",0.0
459,2021-05-27 23:09:19+00:00,MEU AMOOOOREEES      DOJA CAT  #iHeartAwards2021 https://t.co/wttuigNke8,0.0
460,2021-05-27 23:09:20+00:00,RT @The_Animal_Team: TAJSON has been in rescue for 5 years &amp; it would be wonderful to see him settled &amp; loved. He has a massive heart &amp; wouâ€¦,0.9442
461,2021-05-27 23:09:20+00:00,"RT @CelestixlAlly: i live in my @TheOodie and i regret nothing ğŸ˜Œ (clearly my cat agrees) #ad

use the code CELESTIALALLY to receive $30/â‚¬30â€¦",-0.6643
462,2021-05-27 23:09:20+00:00,RT @AsstonKusheR: dog iâ€™m tryna grab my laundry but proooooooceed i love atlanta https://t.co/58pBugG2e6,0.7783
463,2021-05-27 23:09:20+00:00,"RT @ThePopNow_: Doja Cat en la alfombra roja de los #iHeartAwards 

ğŸ“· Getty Images 

#iHeartAwards2021 https://t.co/epbw3bfmQF",0.0
464,2021-05-27 23:09:20+00:00,She phat https://t.co/Rv8GtQfG2V,0.0
465,2021-05-27 23:09:20+00:00,Cat in tower https://t.co/EaCfyF87cA,0.0
466,2021-05-27 23:09:21+00:00,RT @ConCatCanberra: Book launch: Professor John Warhurst (Chair of Concerned Catholics Canberra Goulburn)  'Wrestling with the Church hieraâ€¦,0.0
467,2021-05-27 23:09:22+00:00,RT @bramblefix: A cat in heat ğŸ’¦ https://t.co/0Eq3AF863R,0.0
468,2021-05-27 23:09:22+00:00,RT @CptPuffy: Weird realization that every member of Cyan Creepers has a white fluffy dog! https://t.co/LVyZ3TLhjL,-0.2481
469,2021-05-27 23:09:22+00:00,RT @denaseey: Cat guy but little different https://t.co/KQkuxpLRFw,0.0
470,2021-05-27 23:09:22+00:00,RT @ClipPop_: Ã‰ ELA! Doja Cat sempre servindo looks! #iHeartAwards2021 https://t.co/HPtaYbkH57,0.0
471,2021-05-27 23:09:23+00:00,RT @DojaCatAccess: Doja Cat serving at the #iHeartAwards2021 red carpet. âœ¨ https://t.co/H5VdGoR6LR,0.3182
472,2021-05-27 23:09:23+00:00,Raaarrrrr is code word for attack  to his two Doberman brothers behind the shed. https://t.co/ApQZEjU1zi,-0.4767
473,2021-05-27 23:09:23+00:00,Qatari followers can anyone adopt this cat? You must be able to give it feedings every few hours and other baby care. https://t.co/DqZHsHOCCB,0.5994
474,2021-05-27 23:09:24+00:00,RT @DojaCatAccess: Doja Cat arriving at the iHeart Radio Awards red carpet. â¤ï¸ https://t.co/DTjCIybq4V,0.4588
475,2021-05-27 23:09:24+00:00,"RT @catsnkittys: Are you ready to be bowled over by cuteness? 

[See ALL our best cat Pix here -Â https://t.co/IGSN4Lw3WT] https://t.co/b4JCâ€¦",0.875
476,2021-05-27 23:09:24+00:00,RT @DojaCatAccess: Doja Cat serving at the #iHeartAwards2021 red carpet. âœ¨ https://t.co/H5VdGoR6LR,0.3182
477,2021-05-27 23:09:25+00:00,Sheâ€™s so pretty! https://t.co/zv9i8l2zDq,0.5838
478,2021-05-27 23:09:25+00:00,RT @zangerdanger: commission for the amazing @EmpressJess1ca of her cat form! so cute! https://t.co/oFQQKvkT4M,0.85
479,2021-05-27 23:09:26+00:00,"RT @bijutsu1: æ™‚ã‚’ã‹ã‘ã‚‹çŒ« 545 ""Cat Who Leapt Through Time""(20190528)

ã€é¢¨é™¤å®¤ğŸˆâ€â¬›windbreak room ã€ã¡ã‚‡ã†ã© 2å¹´å‰ğŸ¨ã“ã“ã‹ã‚‰å…ˆãŒé¤¨å†…ã¨ãªã‚Šã¾ã™ãƒ‹ãƒ£ã€‚#å°¾é“ #å°¾é“å¸‚ç«‹ç¾è¡“é¤¨ #åƒå…‰å¯ºå…¬åœ’ #cat hâ€¦",0.0
480,2021-05-27 23:09:26+00:00,RT @lo_lifer: I sent my mom this photo of my yard not realizing the tiny Adirondack chair I got for my cat was in the frame and she thoughtâ€¦,0.0
481,2021-05-27 23:09:27+00:00,"RT @TacticalDogLive: K9 unit assists California Highway Patrol in 10-lbs. meth discovery
ğŸ‘ŠGood boy, Nero. Lets check if they left some fastâ€¦",0.0
482,2021-05-27 23:09:27+00:00,"RT @elementsdeco: Painted carved wooden cat statue, kitten figurine, https://t.co/hipmcrBBE4 via @Etsy #ElementsDeco #decoration #etsyspeciâ€¦",0.0
483,2021-05-27 23:09:28+00:00,"RT @catvqi: #OKU &amp; #CAT: Higashikata Josuke! omae wa kono Nijimura Okuyasu no, za handÅ gakesÅ«!
.
.
.
.
.
[ #ANITWTselcaDAY #animeselcadayâ€¦",0.0
484,2021-05-27 23:09:28+00:00,"RT @ginachron: ğŸ†˜ï¸EUTH listed 1 JuneğŸ†˜ï¸
KHIYA 4y #116594
A near perfect pet with children, dogs, even the cat she lived with, but given up alâ€¦",0.3291
485,2021-05-27 23:09:28+00:00,"RT @andress1ta: Galera, o Bergamota sumiu ontem daqui da Pop Dog.
Se alguÃ©m tiver alguma notÃ­cia dele ou atÃ© ter visto, entra em contato.
Câ€¦",0.0
486,2021-05-27 23:09:28+00:00,"@twit_neko_cat 
ã”å‚åŠ ã‚ã‚ŠãŒã¨ã†ã”ã–ã„ã¾ã™ï¼
çµæœã¯â€¦

ã”ã‚ã‚“ãªã•ã„ã€ã¯ãšã‚Œã§ã™ãƒ»ãƒ»ãƒ»
ã¾ãŸå‚åŠ ã—ã¦ãã ã•ã„ã­ï¼

ã€åŸç¥ã€å¥½è©•é…ä¿¡ä¸­ï¼
https://t.co/d6YJXa8SRr https://t.co/9zNenwxB8S",0.0
487,2021-05-27 23:09:28+00:00,"PROOF IT WORKS.
THIS DOG JUST APPEARED https://t.co/2w6VuSyqUO https://t.co/te99hnvT4r",0.0
488,2021-05-27 23:09:29+00:00,RT @DojaCatAccess: Doja Cat arriving at the iHeart Radio Awards red carpet. â¤ï¸ https://t.co/DTjCIybq4V,0.4588
489,2021-05-27 23:09:30+00:00,"RT @kokomonew1: @maigo_dog_ 
5æœˆ25æ—¥å¤•æ–¹åŒã˜æ‰€ã‚’ãšã£ã¨æ—‹å›ã—ã¦ã„ã‚‹ã€çŠ¬ã‚’ä¿è­·ã—ã¾ã—ãŸã€‚

ã‚ªã‚¹ã€é¦–è¼ªã¯èµ¤ã€é‘‘æœ­ãªã—ã§ã™ã€‚
ã‚¬ãƒªã‚¬ãƒªãªã®ã§ã€ã¨ã‚Šã‚ãˆãšé£Ÿã¹ã•ã›ã¦é£¼ã„ä¸»ã•ã‚“ã‚’æ¢ã™ãƒ“ãƒ©ä½œã‚Šã¾ã™ã€‚è¦‹ã¤ã‹ã‚‰ãªã‹ã£ãŸã‚‰ã€é£¼ã£ã¦ãã ã•ã‚‹æ–¹ã‚’æ¢ã—ã¾ã™ã€‚

#è¿·å­â€¦",0.0
490,2021-05-27 23:09:30+00:00,ğŸ˜‚ğŸ˜‚ğŸ˜‚ğŸ˜‚ğŸ˜‚ https://t.co/4X40rAPUdd,0.926
491,2021-05-27 23:09:31+00:00,RT @SwiftOnSecurity: When your dog defaults to 320x240 resolution https://t.co/90QNdYI0Mz,0.0
492,2021-05-27 23:09:31+00:00,RT @lo_lifer: I sent my mom this photo of my yard not realizing the tiny Adirondack chair I got for my cat was in the frame and she thoughtâ€¦,0.0
493,2021-05-27 23:09:32+00:00,RT @gatitos_qctd: cat.exe https://t.co/upz44s15bR,0.0
494,2021-05-27 23:09:32+00:00,RT @PiszczykowskiS: LISA I LADY GAGA ÅšPIEWAJÄ„ SMELLY CAT ICONIC  #FriendsReunion https://t.co/RSK6bz1mR1,0.0
495,2021-05-27 23:09:32+00:00,RT @jaboukie: responded to a work message while i was playing with my dog and the voice text kept going https://t.co/lt1nwD6sHa,0.2023
496,2021-05-27 23:09:33+00:00,RT @_kness: Which cat are you today ? https://t.co/ofyZyVTN1h,0.0
497,2021-05-27 23:09:33+00:00,#AdoptDontShop #FostersNeeded #PleaseHelp #PleaseRT #dogsoftwitter #CatsOfTwitter #share #ADOPT #RESCUE #FOSTER #PLEDGE #Sara #Capa @PetsforPatriots @PetsforVets @PetsforVetsDC @Pets4VetsNYCLI #JusticeForLux #JusticForKismet https://t.co/yRgvmjJXPP,0.8256
498,2021-05-27 23:09:33+00:00,@Zozie_zo @bunnyt1960 @Brici161 @parham1961 @tweetypie54 @fairhope71 @Buddythereddog @3coolkatz @tc1242000 @Palmolive_S_Pan @DaisyTheDog2 @Elvis_cat @3phibotticelli @aurora3s @Sweetdr17415074 @WalkandWatch @SantasCat @kimmies_kitties @LilyLuWhoT @yoshineale @AngelSaylor0517 @gigglingr Went to visit today. OMC 111 F out. Hereâ€™s what I came home with. https://t.co/iEITr1fWdD,0.0
499,2021-05-27 23:09:34+00:00,RT @gatitos_qctd: cat.exe https://t.co/upz44s15bR,0.0
500,2021-05-27 23:09:34+00:00,Great Big Cat has mushed Leclerc and will never win a race again. https://t.co/ThfER6SgEY,0.2565
